,adj_close,Dates
0,18.704624176025398,2008-01-02
1,18.713264465332,2008-01-03
2,17.284782409668,2008-01-04
3,17.0534248352051,2008-01-07
4,16.4399833679199,2008-01-08
5,17.2223834991455,2008-01-09
6,17.0899028778076,2008-01-10
7,16.578227996826197,2008-01-11
8,17.162864685058597,2008-01-14
9,16.2278251647949,2008-01-15
10,15.3254289627075,2008-01-16
11,15.445423126220698,2008-01-17
12,15.4905471801758,2008-01-18
13,14.941424369812,2008-01-22
14,13.3507089614868,2008-01-23
15,13.0175886154175,2008-01-24
16,12.480949401855499,2008-01-25
17,12.480949401855499,2008-01-28
18,12.627828598022498,2008-01-29
19,12.689266204834,2008-01-30
20,12.994546890258801,2008-01-31
21,12.8399877548218,2008-02-01
22,12.6383867263794,2008-02-04
23,12.4185476303101,2008-02-05
24,11.7119884490967,2008-02-06
25,11.6390295028687,2008-02-07
26,12.0460681915283,2008-02-08
27,12.427188873291,2008-02-11
28,11.986549377441401,2008-02-12
29,12.4223890304565,2008-02-13
30,12.2361507415771,2008-02-14
31,11.9644689559937,2008-02-15
32,11.729268074035597,2008-02-19
33,11.886707305908198,2008-02-20
34,11.667827606201199,2008-02-21
35,11.468150138855,2008-02-22
36,11.4950313568115,2008-02-25
37,11.4383907318115,2008-02-26
38,11.8041467666626,2008-02-27
39,12.4713478088379,2008-02-28
40,12.001910209655799,2008-02-29
41,11.6860694885254,2008-03-03
42,11.9635105133057,2008-03-04
43,11.951028823852502,2008-03-05
44,11.6092691421509,2008-03-06
45,11.7359886169434,2008-03-07
46,11.4902286529541,2008-03-10
47,12.225589752197301,2008-03-11
48,12.0988683700562,2008-03-12
49,12.282228469848599,2008-03-13
50,12.1545495986938,2008-03-14
51,12.1660671234131,2008-03-17
52,12.7507104873657,2008-03-18
53,12.448307991027805,2008-03-19
54,12.793908119201696,2008-03-20
55,13.3948707580566,2008-03-24
56,13.5340671539307,2008-03-25
57,13.9257478713989,2008-03-26
58,13.4639892578125,2008-03-27
59,13.7289505004883,2008-03-28
60,13.775988578796401,2008-03-31
61,14.3548669815063,2008-04-01
62,14.159028053283699,2008-04-02
63,14.5545473098755,2008-04-03
64,14.695665359497099,2008-04-04
65,14.965425491333,2008-04-07
66,14.672626495361301,2008-04-08
67,14.5382251739502,2008-04-09
68,14.836790084838901,2008-04-10
69,14.1254262924194,2008-04-11
70,14.1868677139282,2008-04-14
71,14.2444705963135,2008-04-15
72,14.755184173584,2008-04-16
73,14.831027030944801,2008-04-17
74,15.4598236083984,2008-04-18
75,16.1433429718018,2008-04-21
76,15.3791818618774,2008-04-22
77,15.637427330017099,2008-04-23
78,16.218225479126,2008-04-24
79,16.2940654754639,2008-04-25
80,16.535026550293,2008-04-28
81,16.8047847747803,2008-04-29
82,16.6991806030273,2008-04-30
83,17.2799854278564,2008-05-01
84,17.3702239990234,2008-05-02
85,17.734064102172898,2008-05-05
86,17.9193439483643,2008-05-06
87,17.5286235809326,2008-05-07
88,17.7657413482666,2008-05-08
89,17.6111888885498,2008-05-09
90,18.0633430480957,2008-05-12
91,18.2361450195312,2008-05-13
92,17.8809432983398,2008-05-14
93,18.214065551757802,2008-05-15
94,18.0115013122559,2008-05-16
95,17.6255836486816,2008-05-19
96,17.8463859558105,2008-05-20
97,17.106224060058597,2008-05-21
98,16.996780395507802,2008-05-22
99,17.3923034667969,2008-05-23
100,17.8972663879395,2008-05-27
101,17.9529399871826,2008-05-28
102,17.9222297668457,2008-05-29
103,18.1199798583984,2008-05-30
104,17.8655834197998,2008-06-02
105,17.7955017089844,2008-06-03
106,17.7782249450684,2008-06-04
107,18.185256958007802,2008-06-05
108,17.821424484252898,2008-06-06
109,17.4345417022705,2008-06-09
110,17.821424484252898,2008-06-10
111,17.3577461242676,2008-06-11
112,16.632940292358402,2008-06-12
113,16.5475025177002,2008-06-13
114,16.976627349853498,2008-06-16
115,17.4172630310059,2008-06-17
116,17.159988403320302,2008-06-18
117,17.3663845062256,2008-06-19
118,16.8259105682373,2008-06-20
119,16.6233444213867,2008-06-23
120,16.631986618042,2008-06-24
121,17.029424667358402,2008-06-25
122,16.152948379516598,2008-06-26
123,16.3286228179932,2008-06-27
124,16.0742282867432,2008-06-30
125,16.7692699432373,2008-07-01
126,16.1452674865723,2008-07-02
127,16.3315010070801,2008-07-03
128,16.8153457641602,2008-07-07
129,17.2367820739746,2008-07-08
130,16.727981567382802,2008-07-09
131,16.956468582153303,2008-07-10
132,16.5676574707031,2008-07-11
133,16.6924648284912,2008-07-14
134,16.2854270935059,2008-07-15
135,16.589744567871097,2008-07-16
136,16.4937381744385,2008-07-17
137,15.854383468627901,2008-07-18
138,15.9638252258301,2008-07-21
139,15.5539073944092,2008-07-22
140,15.960941314697301,2008-07-23
141,15.2668676376343,2008-07-24
142,15.563506126403801,2008-07-25
143,14.822384834289599,2008-07-28
144,15.0796670913696,2008-07-29
145,15.3484659194946,2008-07-30
146,15.2591867446899,2008-07-31
147,15.039344787597699,2008-08-01
148,14.710068702697802,2008-08-04
149,15.421425819397,2008-08-05
150,15.762229919433599,2008-08-06
151,15.7027082443237,2008-08-07
152,16.2767848968506,2008-08-08
153,16.6617450714111,2008-08-11
154,16.9660682678223,2008-08-12
155,17.2127857208252,2008-08-13
156,17.214702606201197,2008-08-14
157,16.8710250854492,2008-08-15
158,16.8374195098877,2008-08-18
159,16.6588649749756,2008-08-19
160,16.8806228637695,2008-08-20
161,16.7318248748779,2008-08-21
162,16.9718227386475,2008-08-22
163,16.5647830963135,2008-08-25
164,16.6694240570068,2008-08-26
165,16.7683029174805,2008-08-27
166,16.6790180206299,2008-08-28
167,16.2748680114746,2008-08-29
168,15.954220771789599,2008-09-02
169,16.028142929077102,2008-09-03
170,15.4771089553833,2008-09-04
171,15.3772640228271,2008-09-05
172,15.160306930542,2008-09-08
173,14.561266899108901,2008-09-09
174,14.5545473098755,2008-09-10
175,14.6543865203857,2008-09-11
176,14.298230171203599,2008-09-12
177,13.4745473861694,2008-09-15
178,13.428469657897901,2008-09-16
179,12.2716703414917,2008-09-17
180,12.8726272583008,2008-09-18
181,13.527345657348599,2008-09-19
182,12.580789566039998,2008-09-22
183,12.176630973815902,2008-09-23
184,12.356144905090305,2008-09-24
185,12.6652679443359,2008-09-25
186,12.3110294342041,2008-09-26
187,10.1049509048462,2008-09-29
188,10.9113483428955,2008-09-30
189,10.4755096435547,2008-10-01
190,9.60959053039551,2008-10-02
191,9.31871032714844,2008-10-03
192,9.42143154144287,2008-10-06
193,8.559352874755861,2008-10-07
194,8.61983203887939,2008-10-08
195,8.51903247833252,2008-10-09
196,9.29279041290283,2008-10-10
197,10.584951400756802,2008-10-13
198,9.99166965484619,2008-10-14
199,9.40319061279297,2008-10-15
200,9.78142929077148,2008-10-16
201,9.3503885269165,2008-10-17
202,9.45022964477539,2008-10-20
203,8.783031463623049,2008-10-21
204,9.29951095581055,2008-10-22
205,9.430070877075199,2008-10-23
206,9.25247287750244,2008-10-24
207,8.84063243865967,2008-10-27
208,9.59135055541992,2008-10-28
209,10.0367908477783,2008-10-29
210,10.6598262786865,2008-10-30
211,10.3286285400391,2008-10-31
212,10.2681512832642,2008-11-03
213,10.655031204223599,2008-11-04
214,9.916789054870607,2008-11-05
215,9.51359176635742,2008-11-06
216,9.43103122711182,2008-11-07
217,9.20447063446045,2008-11-10
218,9.09791374206543,2008-11-11
219,8.65151119232178,2008-11-12
220,9.2582311630249,2008-11-13
221,8.66303157806396,2008-11-14
222,8.46143341064453,2008-11-17
223,8.63135147094727,2008-11-18
224,8.28382873535156,2008-11-19
225,7.72703313827515,2008-11-20
226,7.92767429351807,2008-11-21
227,8.92319297790527,2008-11-24
228,8.71679210662842,2008-11-25
229,9.11999225616455,2008-11-26
230,8.89631175994873,2008-11-28
231,8.53727149963379,2008-12-01
232,8.87711048126221,2008-12-02
233,9.20639133453369,2008-12-03
234,8.77534961700439,2008-12-04
235,9.02399063110352,2008-12-05
236,9.57311153411865,2008-12-08
237,9.60575103759766,2008-12-09
238,9.42815113067627,2008-12-10
239,9.11999225616455,2008-12-11
240,9.43391036987305,2008-12-12
241,9.09599018096924,2008-12-15
242,9.161272048950199,2008-12-16
243,8.559352874755861,2008-12-17
244,8.58526992797852,2008-12-18
245,8.63999271392822,2008-12-19
246,8.23103523254395,2008-12-22
247,8.29247283935547,2008-12-23
248,8.16383361816406,2008-12-24
249,8.23775291442871,2008-12-26
250,8.31455135345459,2008-12-29
251,8.28382873535156,2008-12-30
252,8.193592071533201,2008-12-31
253,8.71199321746826,2009-01-02
254,9.079670906066893,2009-01-05
255,8.929911613464359,2009-01-06
256,8.73695278167725,2009-01-07
257,8.899190902709961,2009-01-08
258,8.6956729888916,2009-01-09
259,8.51135349273682,2009-01-12
260,8.42015266418457,2009-01-13
261,8.19167137145996,2009-01-14
262,8.00446891784668,2009-01-15
263,7.9036726951599094,2009-01-16
264,7.5071930885314915,2009-01-20
265,7.951672077178959,2009-01-21
266,8.48255157470703,2009-01-22
267,8.48255157470703,2009-01-23
268,8.605433464050291,2009-01-26
269,8.710070610046388,2009-01-27
270,9.043191909790039,2009-01-28
271,8.9279899597168,2009-01-29
272,8.6524715423584,2009-01-30
273,8.78495025634766,2009-02-02
274,8.9260721206665,2009-02-03
275,8.98079299926758,2009-02-04
276,9.26014995574951,2009-02-05
277,9.57311153411865,2009-02-06
278,9.84095001220703,2009-02-09
279,9.3916711807251,2009-02-10
280,9.29471302032471,2009-02-11
281,9.529909133911133,2009-02-12
282,9.51935291290283,2009-02-13
283,9.07487106323242,2009-02-17
284,9.05951023101807,2009-02-18
285,8.7014331817627,2009-02-19
286,8.755190849304201,2009-02-20
287,8.34719085693359,2009-02-23
288,8.66399383544922,2009-02-24
289,8.75135040283203,2009-02-25
290,8.56223201751709,2009-02-26
291,8.57375144958496,2009-02-27
292,8.44223213195801,2009-03-02
293,8.48351287841797,2009-03-03
294,8.75230979919434,2009-03-04
295,8.52863025665283,2009-03-05
296,8.188793182373049,2009-03-06
297,7.978553295135501,2009-03-09
298,8.508472442626951,2009-03-10
299,8.897271156311039,2009-03-11
300,9.24959087371826,2009-03-12
301,9.20927143096924,2009-03-13
302,9.16031265258789,2009-03-16
303,9.56735229492188,2009-03-17
304,9.74591159820557,2009-03-18
305,9.75551223754883,2009-03-19
306,9.75263023376465,2009-03-20
307,10.335350036621099,2009-03-23
308,10.223991394042999,2009-03-24
309,10.223031044006301,2009-03-25
310,10.547511100769,2009-03-26
311,10.257591247558599,2009-03-27
312,10.031029701232901,2009-03-30
313,10.0915088653564,2009-03-31
314,10.4342288970947,2009-04-01
315,10.8201494216919,2009-04-02
316,11.135028839111301,2009-04-03
317,11.371190071106,2009-04-06
318,11.039989471435499,2009-04-07
319,11.166708946228,2009-04-08
320,11.478710174560499,2009-04-09
321,11.541109085083,2009-04-13
322,11.357749938964801,2009-04-14
323,11.2934284210205,2009-04-15
324,11.659193038940401,2009-04-16
325,11.848309516906701,2009-04-17
326,11.567990303039599,2009-04-20
327,11.688952445983901,2009-04-21
328,11.6649503707886,2009-04-22
329,12.0383901596069,2009-04-23
330,11.8943872451782,2009-04-24
331,11.9740686416626,2009-04-27
332,11.8943872451782,2009-04-28
333,12.013427734375,2009-04-29
334,12.079668998718299,2009-04-30
335,12.2150297164917,2009-05-01
336,12.678709030151401,2009-05-04
337,12.7401475906372,2009-05-05
338,12.7199878692627,2009-05-06
339,12.389750480651903,2009-05-07
340,12.402229309082001,2009-05-08
341,12.438706398010302,2009-05-11
342,11.944308280944801,2009-05-12
343,11.4710273742676,2009-05-13
344,11.8031873703003,2009-05-14
345,11.7523097991943,2009-05-15
346,12.158388137817399,2009-05-18
347,12.235189437866199,2009-05-19
348,12.0835056304932,2009-05-20
349,11.921269416809098,2009-05-21
350,11.759989738464403,2009-05-22
351,12.5548696517944,2009-05-26
352,12.772787094116199,2009-05-27
353,12.9667072296143,2009-05-28
354,13.037748336792,2009-05-29
355,13.377587318420401,2009-06-01
356,13.391028404235804,2009-06-02
357,13.5311851501465,2009-06-03
358,13.7990283966064,2009-06-04
359,13.888307571411099,2009-06-05
360,13.809589385986301,2009-06-08
361,13.7011079788208,2009-06-09
362,13.4639892578125,2009-06-10
363,13.4351863861084,2009-06-11
364,13.1491050720215,2009-06-12
365,13.0646305084229,2009-06-15
366,13.089587211608901,2009-06-16
367,13.0156688690186,2009-06-17
368,13.0444679260254,2009-06-18
369,13.3900661468506,2009-06-19
370,13.187507629394501,2009-06-22
371,12.8649482727051,2009-06-23
372,13.077105522155799,2009-06-24
373,13.426549911499,2009-06-25
374,13.6742305755615,2009-06-26
375,13.6291055679321,2009-06-29
376,13.6732664108276,2009-06-30
377,13.711668014526401,2009-07-01
378,13.441908836364698,2009-07-02
379,13.306544303894,2009-07-06
380,12.998389244079599,2009-07-07
381,13.173109054565401,2009-07-08
382,13.0905447006226,2009-07-09
383,13.297905921936,2009-07-10
384,13.6646280288696,2009-07-13
385,13.6579055786133,2009-07-14
386,14.1004648208618,2009-07-15
387,14.1619071960449,2009-07-16
388,14.567986488342301,2009-07-17
389,14.679347038269,2009-07-20
390,14.544945716857901,2009-07-21
391,15.047027587890598,2009-07-22
392,15.1507091522217,2009-07-23
393,15.3590269088745,2009-07-24
394,15.3695869445801,2009-07-27
395,15.3599853515625,2009-07-28
396,15.362865447997999,2009-07-29
397,15.627826690673801,2009-07-30
398,15.685422897338901,2009-07-31
399,15.977264404296902,2009-08-03
400,15.8927907943726,2009-08-04
401,15.8505439758301,2009-08-05
402,15.7353458404541,2009-08-06
403,15.8889474868774,2009-08-07
404,15.8131046295166,2009-08-10
405,15.6316661834717,2009-08-11
406,15.869746208190902,2009-08-12
407,16.1683044433594,2009-08-13
408,16.0108642578125,2009-08-14
409,15.3206262588501,2009-08-17
410,15.7439861297607,2009-08-18
411,15.8015851974487,2009-08-19
412,15.9676694869995,2009-08-20
413,16.2451019287109,2009-08-21
414,16.2297477722168,2009-08-24
415,16.2623882293701,2009-08-25
416,16.071344375610398,2009-08-26
417,16.2671871185303,2009-08-27
418,16.3247852325439,2009-08-28
419,16.148147583007802,2009-08-31
420,15.86878490448,2009-09-01
421,15.8572635650635,2009-09-02
422,15.988783836364698,2009-09-03
423,16.3497428894043,2009-09-04
424,16.6012649536133,2009-09-08
425,16.429424285888697,2009-09-09
426,16.5657444000244,2009-09-10
427,16.5273418426514,2009-09-11
428,16.677104949951197,2009-09-14
429,16.8153457641602,2009-09-15
430,17.4595012664795,2009-09-16
431,17.7167873382568,2009-09-17
432,17.7619018554688,2009-09-18
433,17.6659049987793,2009-09-21
434,17.7100601196289,2009-09-22
435,17.8079872131348,2009-09-23
436,17.64670753479,2009-09-24
437,17.507501602172898,2009-09-25
438,17.870380401611303,2009-09-28
439,17.796463012695302,2009-09-29
440,17.793586730957,2009-09-30
441,17.362543106079098,2009-10-01
442,17.750385284423803,2009-10-02
443,17.8579006195068,2009-10-05
444,18.2409420013428,2009-10-06
445,18.263986587524396,2009-10-07
446,18.169900894165,2009-10-08
447,18.2851028442383,2009-10-09
448,18.3177394866943,2009-10-12
449,18.2418994903564,2009-10-13
450,18.363821029663104,2009-10-14
451,18.2937412261963,2009-10-15
452,18.0527839660645,2009-10-16
453,18.226543426513697,2009-10-19
454,19.080940246582,2009-10-20
455,19.6723003387451,2009-10-21
456,19.6991863250732,2009-10-22
457,19.5782203674316,2009-10-23
458,19.438055038452106,2009-10-26
459,18.9475040435791,2009-10-27
460,18.470388412475604,2009-10-28
461,18.8495826721191,2009-10-29
462,18.095983505249,2009-10-30
463,18.1737442016602,2009-11-02
464,18.1199798583984,2009-11-03
465,18.3177394866943,2009-11-04
466,18.626859664917,2009-11-05
467,18.656623840332,2009-11-06
468,19.340145111084002,2009-11-09
469,19.4860610961914,2009-11-10
470,19.51198387146,2009-11-11
471,19.39102554321289,2009-11-12
472,19.627178192138697,2009-11-13
473,19.8364639282227,2009-11-16
474,19.87198257446289,2009-11-17
475,19.7721385955811,2009-11-18
476,19.2489395141602,2009-11-19
477,19.1922988891602,2009-11-20
478,19.764459609985398,2009-11-23
479,19.6262226104736,2009-11-24
480,19.602222442627,2009-11-25
481,19.2566223144531,2009-11-27
482,19.19133949279789,2009-11-30
483,18.909099578857397,2009-12-01
484,18.838060379028303,2009-12-02
485,18.8620624542236,2009-12-03
486,18.5587005615234,2009-12-04
487,18.1391849517822,2009-12-07
488,18.2274990081787,2009-12-08
489,18.988782882690398,2009-12-09
490,18.8572616577148,2009-12-10
491,18.688299179077106,2009-12-11
492,18.9100608825684,2009-12-14
493,18.640306472778303,2009-12-15
494,18.7228622436523,2009-12-16
495,18.4185428619385,2009-12-17
496,18.7612609863281,2009-12-18
497,19.0300598144531,2009-12-21
498,19.2345409393311,2009-12-22
499,19.4015808105469,2009-12-23
500,20.067825317382802,2009-12-24
501,20.3145370483398,2009-12-28
502,20.0735816955566,2009-12-29
503,20.3174228668213,2009-12-30
504,20.230060577392603,2009-12-31
505,20.5449390411377,2010-01-04
506,20.5804595947266,2010-01-05
507,20.2531051635742,2010-01-06
508,20.2156581878662,2010-01-07
509,20.3500576019287,2010-01-08
510,20.1705417633057,2010-01-11
511,19.941104888915998,2010-01-12
512,20.2223834991455,2010-01-13
513,20.105260848999,2010-01-14
514,19.7692604064941,2010-01-15
515,20.6438236236572,2010-01-19
516,20.3260593414307,2010-01-20
517,19.974697113037106,2010-01-21
518,18.983980178833,2010-01-22
519,19.4946975708008,2010-01-25
520,19.7702198028564,2010-01-26
521,19.9564590454102,2010-01-27
522,19.1318264007568,2010-01-28
523,18.4377422332764,2010-01-29
524,18.6940670013428,2010-02-01
525,18.8025436401367,2010-02-02
526,19.126056671142603,2010-02-03
527,18.436786651611303,2010-02-04
528,18.7641448974609,2010-02-05
529,18.6355056762695,2010-02-08
530,18.8342247009277,2010-02-09
531,18.731500625610398,2010-02-10
532,19.072299957275398,2010-02-11
533,19.236457824707,2010-02-12
534,19.526380538940398,2010-02-16
535,19.444782257080103,2010-02-17
536,19.4812602996826,2010-02-18
537,19.3603019714355,2010-02-19
538,19.240299224853498,2010-02-22
539,18.9177417755127,2010-02-23
540,19.2633419036865,2010-02-24
541,19.3919830322266,2010-02-25
542,19.643499374389602,2010-02-26
543,20.063024520874,2010-03-01
544,20.049579620361303,2010-03-02
545,20.0956630706787,2010-03-03
546,20.2281436920166,2010-03-04
547,21.019184112548803,2010-03-05
548,21.0316562652588,2010-03-08
549,21.4098968505859,2010-03-09
550,21.584619522094695,2010-03-10
551,21.647985458374,2010-03-11
552,21.7535800933838,2010-03-12
553,21.4886150360107,2010-03-15
554,21.547176361084,2010-03-16
555,21.5155010223389,2010-03-17
556,21.5663871765137,2010-03-18
557,21.335979461669897,2010-03-19
558,21.5759811401367,2010-03-22
559,21.9225425720215,2010-03-23
560,22.0194969177246,2010-03-24
561,21.75838088989261,2010-03-25
562,22.166378021240202,2010-03-26
563,22.3094215393066,2010-03-29
564,22.641578674316396,2010-03-30
565,22.559982299804698,2010-03-31
566,22.653099060058604,2010-04-01
567,22.8950176239014,2010-04-05
568,22.9958229064941,2010-04-06
569,23.097579956054698,2010-04-07
570,23.035179138183604,2010-04-08
571,23.211820602417003,2010-04-09
572,23.259820938110398,2010-04-12
573,23.273260116577106,2010-04-13
574,23.5862159729004,2010-04-14
575,23.896299362182607,2010-04-15
576,23.7503833770752,2010-04-16
577,23.718702316284197,2010-04-19
578,23.4806175231934,2010-04-20
579,24.8851051330566,2010-04-21
580,25.58109664916989,2010-04-22
581,25.9996547698975,2010-04-23
582,25.871976852417003,2010-04-26
583,25.155817031860398,2010-04-27
584,25.113580703735398,2010-04-28
585,25.789421081543,2010-04-29
586,25.0646190643311,2010-04-30
587,25.5695743560791,2010-05-03
588,24.833255767822298,2010-05-04
589,24.5750198364258,2010-05-05
590,23.6399745941162,2010-05-06
591,22.6425380706787,2010-05-07
592,24.383010864257802,2010-05-10
593,24.6258983612061,2010-05-11
594,25.1606121063232,2010-05-12
595,24.80253219604489,2010-05-13
596,24.3666973114014,2010-05-14
597,24.4050979614258,2010-05-17
598,24.226537704467802,2010-05-18
599,23.840612411499,2010-05-19
600,22.8249435424805,2010-05-20
601,23.2626934051514,2010-05-21
602,23.688940048217802,2010-05-24
603,23.5410976409912,2010-05-25
604,23.4345378875732,2010-05-26
605,24.3215732574463,2010-05-27
606,24.660455703735398,2010-05-28
607,25.0396556854248,2010-06-01
608,25.3391799926758,2010-06-02
609,25.259498596191396,2010-06-03
610,24.572134017944304,2010-06-04
611,24.0902156829834,2010-06-07
612,23.9356517791748,2010-06-08
613,23.3471755981445,2010-06-09
614,24.048940658569304,2010-06-10
615,24.336936950683604,2010-06-11
616,24.4108581542969,2010-06-14
617,24.93022346496581,2010-06-15
618,25.6559753417969,2010-06-16
619,26.099496841430696,2010-06-17
620,26.3106956481934,2010-06-18
621,25.9362945556641,2010-06-21
622,26.2895812988281,2010-06-22
623,26.0130939483643,2010-06-23
624,25.823970794677702,2010-06-24
625,25.603174209594695,2010-06-25
626,25.756778717041,2010-06-28
627,24.592294692993196,2010-06-29
628,24.1468563079834,2010-06-30
629,23.8540554046631,2010-07-01
630,23.7062129974365,2010-07-02
631,23.8684577941895,2010-07-06
632,24.8323020935059,2010-07-07
633,24.776615142822298,2010-07-08
634,24.9235000610352,2010-07-09
635,24.6998119354248,2010-07-12
636,24.172779083252,2010-07-13
637,24.262056350707997,2010-07-14
638,24.1391754150391,2010-07-15
639,23.990379333496104,2010-07-16
640,23.5756530761719,2010-07-19
641,24.181419372558604,2010-07-20
642,24.4070167541504,2010-07-21
643,24.8658962249756,2010-07-22
644,24.954214096069304,2010-07-23
645,24.8908615112305,2010-07-26
646,25.3516578674316,2010-07-27
647,25.0521392822266,2010-07-28
648,24.778535842895497,2010-07-29
649,24.6959800720215,2010-07-30
650,25.1375751495361,2010-08-02
651,25.145259857177702,2010-08-03
652,25.246057510376,2010-08-04
653,25.123176574707,2010-08-05
654,24.9686164855957,2010-08-06
655,25.127975463867198,2010-08-09
656,24.903333663940398,2010-08-10
657,24.0182189941406,2010-08-11
658,24.171815872192397,2010-08-12
659,23.91357421875,2010-08-13
660,23.773414611816396,2010-08-16
661,24.189100265502898,2010-08-17
662,24.2947044372559,2010-08-18
663,23.98845863342289,2010-08-19
664,23.9654197692871,2010-08-20
665,23.596776962280305,2010-08-23
666,23.033258438110398,2010-08-24
667,23.3174171447754,2010-08-25
668,23.066858291626,2010-08-26
669,23.195499420166,2010-08-27
670,23.2799777984619,2010-08-30
671,23.33757972717289,2010-08-31
672,24.031658172607397,2010-09-01
673,24.20829391479489,2010-09-02
674,24.8418998718262,2010-09-03
675,24.7497386932373,2010-09-07
676,25.2402992248535,2010-09-08
677,25.2546920776367,2010-09-09
678,25.287340164184602,2010-09-10
679,25.635814666748,2010-09-13
680,25.733739852905305,2010-09-14
681,25.94109535217289,2010-09-15
682,26.5506935119629,2010-09-16
683,26.435489654541,2010-09-17
684,27.190059661865202,2010-09-20
685,27.241895675659197,2010-09-21
686,27.623968124389602,2010-09-22
687,27.736303329467802,2010-09-23
688,28.0626926422119,2010-09-24
689,27.9513320922852,2010-09-27
690,27.5385417938232,2010-09-28
691,27.5874900817871,2010-09-29
692,27.2399730682373,2010-09-30
693,27.121898651123,2010-10-01
694,26.749412536621104,2010-10-04
695,27.7382106781006,2010-10-05
696,27.7622127532959,2010-10-06
697,27.7650985717773,2010-10-07
698,28.230688095092802,2010-10-08
699,28.354528427124,2010-10-11
700,28.659812927246104,2010-10-12
701,28.8134117126465,2010-10-13
702,29.021738052368196,2010-10-14
703,30.2150096893311,2010-10-15
704,30.527967453002898,2010-10-18
705,29.71101188659669,2010-10-19
706,29.810853958129893,2010-10-20
707,29.713895797729503,2010-10-21
708,29.5170917510986,2010-10-22
709,29.6486167907715,2010-10-25
710,29.572774887085,2010-10-26
711,29.551660537719695,2010-10-27
712,29.3030128479004,2010-10-28
713,28.8940486907959,2010-10-29
714,29.20125198364261,2010-11-01
715,29.698532104492198,2010-11-02
716,30.028772354126,2010-11-03
717,30.553895950317397,2010-11-04
718,30.444448471069304,2010-11-05
719,30.587495803832997,2010-11-08
720,30.3436546325684,2010-11-09
721,30.5308513641357,2010-11-10
722,30.39837074279789,2010-11-11
723,29.570858001709,2010-11-12
724,29.4758110046387,2010-11-15
725,28.9526100158691,2010-11-16
726,28.8479785919189,2010-11-17
727,29.6092548370361,2010-11-18
728,29.446044921875,2010-11-19
729,30.082532882690398,2010-11-22
730,29.6380500793457,2010-11-23
731,30.2207717895508,2010-11-24
732,30.23996925354,2010-11-26
733,30.419496536254893,2010-11-29
734,29.870370864868196,2010-11-30
735,30.3743686676025,2010-12-01
736,30.5423755645752,2010-12-02
737,30.4742088317871,2010-12-03
738,30.7343692779541,2010-12-06
739,30.5481281280518,2010-12-07
740,30.8169250488281,2010-12-08
741,30.6969318389893,2010-12-09
742,30.7737312316895,2010-12-10
743,30.8802928924561,2010-12-13
744,30.747802734375,2010-12-14
745,30.7545280456543,2010-12-15
746,30.8399715423584,2010-12-16
747,30.778528213501,2010-12-17
748,30.9321269989014,2010-12-20
749,31.1231708526611,2010-12-21
750,31.215328216552702,2010-12-22
751,31.0655689239502,2010-12-23
752,31.169252395629893,2010-12-27
753,31.2450866699219,2010-12-28
754,31.227811813354503,2010-12-29
755,31.0713329315186,2010-12-30
756,30.9657344818115,2010-12-31
757,31.638694763183604,2011-01-03
758,31.8038139343262,2011-01-04
759,32.0639686584473,2011-01-05
760,32.038055419921896,2011-01-06
761,32.2674942016602,2011-01-07
762,32.875167846679695,2011-01-10
763,32.797409057617195,2011-01-11
764,33.064281463623,2011-01-12
765,33.185256958007805,2011-01-13
766,33.4540481567383,2011-01-14
767,32.7023735046387,2011-01-18
768,32.528610229492195,2011-01-19
769,31.9372539520264,2011-01-20
770,31.3650856018066,2011-01-21
771,32.395172119140604,2011-01-24
772,32.774368286132805,2011-01-25
773,33.0095634460449,2011-01-26
774,32.9481353759766,2011-01-27
775,32.2655715942383,2011-01-28
776,32.5746917724609,2011-01-31
777,33.1228523254395,2011-02-01
778,33.0546836853027,2011-02-02
779,32.970207214355504,2011-02-03
780,33.263973236084,2011-02-04
781,33.780460357666,2011-02-07
782,34.099166870117195,2011-02-08
783,34.3833236694336,2011-02-09
784,34.0358200073242,2011-02-10
785,34.2575721740723,2011-02-11
786,34.4812507629395,2011-02-14
787,34.550369262695305,2011-02-15
788,34.860443115234396,2011-02-16
789,34.396759033203104,2011-02-17
790,33.6537284851074,2011-02-18
791,32.5065231323242,2011-02-22
792,32.8914833068848,2011-02-23
793,32.916458129882805,2011-02-24
794,33.4233360290527,2011-02-25
795,33.9081382751465,2011-02-28
796,33.5337295532227,2011-03-01
797,33.803493499755895,2011-03-02
798,34.5177345275879,2011-03-03
799,34.5599708557129,2011-03-04
800,34.1145210266113,2011-03-07
801,34.152923583984396,2011-03-08
802,33.837081909179695,2011-03-09
803,33.2802886962891,2011-03-10
804,33.7910194396973,2011-03-11
805,33.9417381286621,2011-03-14
806,33.1612510681152,2011-03-15
807,31.6809272766113,2011-03-16
808,32.1254081726074,2011-03-17
809,31.7442893981934,2011-03-18
810,32.5727767944336,2011-03-21
811,32.755172729492195,2011-03-22
812,32.5622138977051,2011-03-23
813,33.1170883178711,2011-03-24
814,33.747810363769496,2011-03-25
815,33.642200469970696,2011-03-28
816,33.6921348571777,2011-03-29
817,33.4684524536133,2011-03-30
818,33.4569320678711,2011-03-31
819,33.077728271484396,2011-04-01
820,32.7542114257812,2011-04-04
821,32.533401489257805,2011-04-05
822,32.4518051147461,2011-04-06
823,32.4556503295898,2011-04-07
824,32.1657295227051,2011-04-08
825,31.7567653656006,2011-04-11
826,31.910364151001,2011-04-12
827,32.268440246581996,2011-04-13
828,31.91228675842289,2011-04-14
829,31.4361305236816,2011-04-15
830,31.8575782775879,2011-04-18
831,32.4345283508301,2011-04-19
832,32.871330261230504,2011-04-20
833,33.6671714782715,2011-04-21
834,33.888927459716804,2011-04-25
835,33.640289306640604,2011-04-26
836,33.614368438720696,2011-04-27
837,33.287975311279304,2011-04-28
838,33.6124496459961,2011-04-29
839,33.2428550720215,2011-05-02
840,33.4271621704102,2011-05-03
841,33.5586929321289,2011-05-04
842,33.287975311279304,2011-05-05
843,33.2793312072754,2011-05-06
844,33.3695640563965,2011-05-09
845,33.547164916992195,2011-05-10
846,33.3340492248535,2011-05-11
847,33.2706832885742,2011-05-12
848,32.687976837158196,2011-05-13
849,31.996768951416,2011-05-16
850,32.2694053649902,2011-05-17
851,32.627487182617195,2011-05-18
852,32.6908493041992,2011-05-19
853,32.1810989379883,2011-05-20
854,32.102371215820305,2011-05-23
855,31.8902015686035,2011-05-24
856,32.3308448791504,2011-05-25
857,32.1599655151367,2011-05-26
858,32.391326904296896,2011-05-27
859,33.3916435241699,2011-05-31
860,33.1689300537109,2011-06-01
861,33.2255668640137,2011-06-02
862,32.970207214355504,2011-06-03
863,32.4518051147461,2011-06-06
864,31.87580680847169,2011-06-07
865,31.8950042724609,2011-06-08
866,31.8230094909668,2011-06-09
867,31.2863712310791,2011-06-10
868,31.353570938110398,2011-06-13
869,31.914213180542003,2011-06-14
870,31.367975234985398,2011-06-15
871,31.215328216552702,2011-06-16
872,30.7449264526367,2011-06-17
873,30.2707023620605,2011-06-20
874,31.2287750244141,2011-06-21
875,30.9705276489258,2011-06-22
876,31.798049926757802,2011-06-23
877,31.3295726776123,2011-06-24
878,31.87580680847169,2011-06-27
879,32.1849365234375,2011-06-28
880,32.067813873291,2011-06-29
881,32.224288940429695,2011-06-30
882,32.9529342651367,2011-07-01
883,33.5452499389648,2011-07-05
884,33.768928527831996,2011-07-06
885,34.2911796569824,2011-07-07
886,34.532135009765604,2011-07-08
887,33.9839706420898,2011-07-11
888,33.959972381591804,2011-07-12
889,34.3698883056641,2011-07-13
890,34.3458824157715,2011-07-14
891,35.032283782959,2011-07-15
892,35.8847694396973,2011-07-18
893,36.1775703430176,2011-07-19
894,37.142364501953104,2011-07-20
895,37.1798057556152,2011-07-21
896,37.756763458252,2011-07-22
897,38.2559585571289,2011-07-25
898,38.727325439453104,2011-07-26
899,37.688606262206996,2011-07-27
900,37.614688873291,2011-07-28
901,37.4860420227051,2011-07-29
902,38.0879707336426,2011-08-01
903,37.3353271484375,2011-08-02
904,37.686683654785206,2011-08-03
905,36.2274780273438,2011-08-04
906,35.8674812316895,2011-08-05
907,33.9081382751465,2011-08-08
908,35.9049301147461,2011-08-09
909,34.9142036437988,2011-08-10
910,35.8751678466797,2011-08-11
911,36.191001892089794,2011-08-12
912,36.8073310852051,2011-08-15
913,36.526050567627,2011-08-16
914,36.5222053527832,2011-08-17
915,35.1407623291016,2011-08-18
916,34.1788482666016,2011-08-19
917,34.2182121276855,2011-08-22
918,35.865570068359396,2011-08-23
919,36.113250732421896,2011-08-24
920,35.8770866394043,2011-08-25
921,36.823646545410206,2011-08-26
922,37.437080383300795,2011-08-29
923,37.4389991760254,2011-08-30
924,36.9436531066895,2011-08-31
925,36.5788459777832,2011-09-01
926,35.908763885498,2011-09-02
927,36.4549980163574,2011-09-06
928,36.8572387695312,2011-09-07
929,36.877403259277294,2011-09-08
930,36.2380409240723,2011-09-09
931,36.4742012023926,2011-09-12
932,36.92348098754879,2011-09-13
933,37.3727569580078,2011-09-14
934,37.7241249084473,2011-09-15
935,38.447967529296896,2011-09-16
936,39.516448974609396,2011-09-19
937,39.6911659240723,2011-09-20
938,39.565399169921896,2011-09-21
939,38.57468795776371,2011-09-22
940,38.8127670288086,2011-09-23
941,38.7042846679688,2011-09-26
942,38.3289222717285,2011-09-27
943,38.1129188537598,2011-09-28
944,37.4946899414062,2011-09-29
945,36.60668182373049,2011-09-30
946,35.9615707397461,2011-10-03
947,35.7599678039551,2011-10-04
948,36.3119659423828,2011-10-05
949,36.2274780273438,2011-10-06
950,35.500770568847706,2011-10-07
951,37.3257331848145,2011-10-10
952,38.4278106689453,2011-10-11
953,38.610198974609396,2011-10-12
954,39.20924758911129,2011-10-13
955,40.5119590759277,2011-10-14
956,40.319007873535206,2011-10-17
957,40.534996032714794,2011-10-18
958,38.26747512817379,2011-10-19
959,37.94972610473629,2011-10-20
960,37.71548461914061,2011-10-21
961,38.95387649536129,2011-10-24
962,38.185886383056605,2011-10-25
963,38.4575653076172,2011-10-26
964,38.8502082824707,2011-10-27
965,38.875160217285206,2011-10-28
966,38.8588447570801,2011-10-31
967,38.06492233276371,2011-11-01
968,38.1513252258301,2011-11-02
969,38.69468307495121,2011-11-03
970,38.42300415039061,2011-11-04
971,38.374050140380895,2011-11-07
972,38.998046875,2011-11-08
973,37.946849822998,2011-11-09
974,36.9810829162598,2011-11-10
975,36.92348098754879,2011-11-11
976,36.4089241027832,2011-11-14
977,37.3276405334473,2011-11-15
978,36.9378890991211,2011-11-16
979,36.231315612793004,2011-11-17
980,35.9942169189453,2011-11-18
981,35.4249267578125,2011-11-21
982,36.1449317932129,2011-11-22
983,35.230995178222706,2011-11-23
984,34.9026908874512,2011-11-25
985,36.1074867248535,2011-11-28
986,35.8271713256836,2011-11-29
987,36.691169738769496,2011-11-30
988,37.2412452697754,2011-12-01
989,37.41116333007809,2011-12-02
990,37.7289276123047,2011-12-05
991,37.531166076660206,2011-12-06
992,37.352607727050795,2011-12-07
993,37.5033187866211,2011-12-08
994,37.7874794006348,2011-12-09
995,37.616603851318395,2011-12-12
996,37.3257331848145,2011-12-13
997,36.498207092285206,2011-12-14
998,36.3782081604004,2011-12-15
999,36.577880859375,2011-12-16
1000,36.69211959838871,2011-12-19
1001,38.0111656188965,2011-12-20
1002,38.0591697692871,2011-12-21
1003,38.260768890380895,2011-12-22
1004,38.719642639160206,2011-12-23
1005,39.0268516540527,2011-12-27
1006,38.653404235839794,2011-12-28
1007,38.8914833068848,2011-12-29
1008,38.8799591064453,2011-12-30
1009,39.4780387878418,2012-01-03
1010,39.6902008056641,2012-01-04
1011,40.1308479309082,2012-01-05
1012,40.550361633300795,2012-01-06
1013,40.4860382080078,2012-01-09
1014,40.6309967041016,2012-01-10
1015,40.564765930175795,2012-01-11
1016,40.453407287597706,2012-01-12
1017,40.301727294921896,2012-01-13
1018,40.7711601257324,2012-01-17
1019,41.194522857666,2012-01-18
1020,41.063957214355504,2012-01-19
1021,40.3487663269043,2012-01-20
1022,41.0313148498535,2012-01-23
1023,40.359321594238295,2012-01-24
1024,42.8793182373047,2012-01-25
1025,42.6844444274902,2012-01-26
1026,42.9388389587402,2012-01-27
1027,43.4889106750488,2012-01-30
1028,43.8220405578613,2012-01-31
1029,43.7941970825195,2012-02-01
1030,43.69148254394529,2012-02-02
1031,44.129234313964794,2012-02-03
1032,44.5410842895508,2012-02-06
1033,45.007640838623,2012-02-07
1034,45.7612380981445,2012-02-08
1035,47.3442878723145,2012-02-09
1036,47.36828231811521,2012-02-10
1037,48.24955749511721,2012-02-13
1038,48.908107757568395,2012-02-14
1039,47.7762680053711,2012-02-15
1040,48.21212005615229,2012-02-16
1041,48.2034759521484,2012-02-17
1042,49.4255523681641,2012-02-21
1043,49.2517967224121,2012-02-22
1044,49.573394775390604,2012-02-23
1045,50.1513137817383,2012-02-24
1046,50.4729232788086,2012-02-27
1047,51.3993148803711,2012-02-28
1048,52.0741958618164,2012-02-29
1049,52.269073486328104,2012-03-01
1050,52.3372192382812,2012-03-02
1051,51.18331146240229,2012-03-05
1052,50.90490341186521,2012-03-06
1053,50.9461898803711,2012-03-07
1054,52.0309867858887,2012-03-08
1055,52.336273193359396,2012-03-09
1056,52.991943359375,2012-03-12
1057,54.5375556945801,2012-03-13
1058,56.5996284484863,2012-03-14
1059,56.2137107849121,2012-03-15
1060,56.2146682739258,2012-03-16
1061,57.7055549621582,2012-03-19
1062,58.1721038818359,2012-03-20
1063,57.83993911743161,2012-03-21
1064,57.536590576171896,2012-03-22
1065,57.22074127197271,2012-03-23
1066,58.2700042724609,2012-03-26
1067,58.9900321960449,2012-03-27
1068,59.291465759277294,2012-03-28
1069,58.54650497436521,2012-03-29
1070,57.556755065918,2012-03-30
1071,59.388423919677706,2012-04-02
1072,60.414665222168,2012-04-03
1073,59.9337043762207,2012-04-04
1074,60.833221435546896,2012-04-05
1075,61.0780029296875,2012-04-09
1076,60.3301887512207,2012-04-10
1077,60.115142822265604,2012-04-11
1078,59.7858543395996,2012-04-12
1079,58.1020278930664,2012-04-13
1080,55.6924324035645,2012-04-16
1081,58.5311279296875,2012-04-17
1082,58.4005813598633,2012-04-18
1083,56.3941879272461,2012-04-19
1084,55.0060234069824,2012-04-20
1085,54.88313293457029,2012-04-23
1086,53.7868232727051,2012-04-24
1087,58.5599479675293,2012-04-25
1088,58.3391647338867,2012-04-26
1089,57.887939453125,2012-04-27
1090,56.0620307922363,2012-04-30
1091,55.884426116943395,2012-05-01
1092,56.254020690918,2012-05-02
1093,55.8546752929688,2012-05-03
1094,54.263946533203104,2012-05-04
1095,54.670036315918,2012-05-07
1096,54.545223236084006,2012-05-08
1097,54.6412239074707,2012-05-09
1098,54.769859313964794,2012-05-10
1099,54.4041137695312,2012-05-11
1100,53.5890693664551,2012-05-14
1101,53.104278564453104,2012-05-15
1102,52.4236183166504,2012-05-16
1103,50.8914680480957,2012-05-17
1104,50.916431427002,2012-05-18
1105,53.8828277587891,2012-05-21
1106,53.4690818786621,2012-05-22
1107,54.7737159729004,2012-05-23
1108,54.27066802978521,2012-05-24
1109,53.979793548584006,2012-05-25
1110,54.9378814697266,2012-05-29
1111,55.6002731323242,2012-05-30
1112,55.46203994750979,2012-05-31
1113,53.854984283447294,2012-06-01
1114,54.1717948913574,2012-06-04
1115,54.0316352844238,2012-06-05
1116,54.860107421875,2012-06-06
1117,54.885074615478494,2012-06-07
1118,55.7106704711914,2012-06-08
1119,54.832275390625,2012-06-11
1120,55.3113212585449,2012-06-12
1121,54.927303314209006,2012-06-13
1122,54.86682510375979,2012-06-14
1123,55.1164207458496,2012-06-15
1124,56.2348289489746,2012-06-18
1125,56.39131164550779,2012-06-19
1126,56.230983734130895,2012-06-20
1127,55.456268310546896,2012-06-21
1128,55.88154602050779,2012-06-22
1129,54.79386901855471,2012-06-25
1130,54.9148292541504,2012-06-26
1131,55.15193939208979,2012-06-27
1132,54.628753662109396,2012-06-28
1133,56.06393814086911,2012-06-29
1134,56.88187408447271,2012-07-02
1135,57.5433120727539,2012-07-03
1136,58.5541763305664,2012-07-05
1137,58.1644287109375,2012-07-06
1138,58.93339538574221,2012-07-09
1139,58.38810729980471,2012-07-10
1140,58.02522277832029,2012-07-11
1141,57.4943428039551,2012-07-12
1142,58.0770683288574,2012-07-13
1143,58.263313293457,2012-07-16
1144,58.266185760498,2012-07-17
1145,58.2009048461914,2012-07-18
1146,58.97465515136721,2012-07-19
1147,58.0127449035645,2012-07-20
1148,57.96762466430661,2012-07-23
1149,57.6882667541504,2012-07-24
1150,55.1970710754395,2012-07-25
1151,55.18843078613279,2012-07-26
1152,56.1753082275391,2012-07-27
1153,57.1228218078613,2012-07-30
1154,58.6329002380371,2012-07-31
1155,58.253700256347706,2012-08-01
1156,58.3477897644043,2012-08-02
1157,59.107151031494105,2012-08-03
1158,59.7647361755371,2012-08-06
1159,59.6073112487793,2012-08-07
1160,59.50651550292971,2012-08-08
1161,61.42834091186521,2012-08-09
1162,61.5243339538574,2012-08-10
1163,62.3457107543945,2012-08-13
1164,62.5129585266113,2012-08-14
1165,62.427848815918,2012-08-15
1166,62.97311782836911,2012-08-16
1167,64.13791656494139,2012-08-17
1168,65.82421875,2012-08-20
1169,64.9246368408203,2012-08-21
1170,66.1923446655273,2012-08-22
1171,65.5748138427734,2012-08-23
1172,65.63320922851561,2012-08-24
1173,66.86627197265621,2012-08-27
1174,66.779182434082,2012-08-28
1175,66.647575378418,2012-08-29
1176,65.6975479125977,2012-08-30
1177,65.8331146240234,2012-08-31
1178,66.7960052490234,2012-09-04
1179,66.3269195556641,2012-09-05
1180,66.9246673583984,2012-09-06
1181,67.3373184204102,2012-09-07
1182,65.585693359375,2012-09-10
1183,65.3729400634766,2012-09-11
1184,66.28338623046879,2012-09-12
1185,67.5887069702148,2012-09-13
1186,68.4100723266602,2012-09-14
1187,69.25124359130861,2012-09-17
1188,69.462043762207,2012-09-18
1189,69.4808502197266,2012-09-19
1190,69.1443405151367,2012-09-20
1191,69.2819061279297,2012-09-21
1192,68.36159515380861,2012-09-24
1193,66.6545028686523,2012-09-25
1194,65.82717895507811,2012-09-26
1195,67.42441558837889,2012-09-27
1196,66.01718139648439,2012-09-28
1197,65.2541885375977,2012-10-01
1198,65.4441986083984,2012-10-02
1199,66.44765472412111,2012-10-03
1200,65.9875030517578,2012-10-04
1201,64.5812454223633,2012-10-05
1202,63.154232025146506,2012-10-08
1203,62.9246292114258,2012-10-09
1204,63.4253730773926,2012-10-10
1205,62.157676696777294,2012-10-11
1206,62.3169975280762,2012-10-12
1207,62.8167724609375,2012-10-15
1208,64.30416870117189,2012-10-16
1209,63.7915191650391,2012-10-17
1210,62.6069679260254,2012-10-18
1211,60.3506546020508,2012-10-19
1212,62.744533538818395,2012-10-22
1213,60.6989860534668,2012-10-23
1214,61.0423812866211,2012-10-24
1215,60.3209457397461,2012-10-25
1216,59.772701263427706,2012-10-26
1217,58.9137306213379,2012-10-31
1218,59.034454345703104,2012-11-01
1219,57.0809555053711,2012-11-02
1220,57.8548393249512,2012-11-05
1221,57.6796684265137,2012-11-06
1222,57.03572082519529,2012-11-07
1223,54.9658737182617,2012-11-08
1224,55.9174919128418,2012-11-09
1225,55.4851264953613,2012-11-12
1226,55.4922904968262,2012-11-13
1227,54.876956939697294,2012-11-14
1228,53.726016998290994,2012-11-15
1229,53.936588287353494,2012-11-16
1230,57.82584381103521,2012-11-19
1231,57.3331642150879,2012-11-20
1232,57.4139213562012,2012-11-21
1233,58.415618896484396,2012-11-23
1234,60.25854873657229,2012-11-26
1235,59.7730293273926,2012-11-27
1236,59.5849494934082,2012-11-28
1237,60.2411689758301,2012-11-29
1238,59.82413482666021,2012-11-30
1239,59.9171562194824,2012-12-03
1240,58.860260009765604,2012-12-04
1241,55.07218933105471,2012-12-05
1242,55.9358978271484,2012-12-06
1243,54.5059013366699,2012-12-07
1244,54.15531158447271,2012-12-10
1245,55.3379440307617,2012-12-11
1246,55.093654632568395,2012-12-12
1247,54.142024993896506,2012-12-13
1248,52.1079635620117,2012-12-14
1249,53.031982421875,2012-12-17
1250,54.57234954833979,2012-12-18
1251,53.796539306640604,2012-12-19
1252,53.32841491699221,2012-12-20
1253,53.0830955505371,2012-12-21
1254,53.1689376831055,2012-12-24
1255,52.4360771179199,2012-12-26
1256,52.646633148193395,2012-12-27
1257,52.087516784668,2012-12-28
1258,54.3955192565918,2012-12-31
1259,56.118869781494105,2013-01-02
1260,55.410530090332,2013-01-03
1261,53.867073059082,2013-01-04
1262,53.55020904541021,2013-01-07
1263,53.6943359375,2013-01-08
1264,52.85514068603521,2013-01-09
1265,53.510345458984396,2013-01-10
1266,53.1822319030762,2013-01-11
1267,51.2861518859863,2013-01-14
1268,49.6681060791016,2013-01-15
1269,51.729763031005895,2013-01-16
1270,51.381217956543,2013-01-17
1271,51.107292175293,2013-01-18
1272,51.59485244750979,2013-01-22
1273,52.539306640625,2013-01-23
1274,46.047664642334006,2013-01-24
1275,44.9621429443359,2013-01-25
1276,45.979190826415994,2013-01-28
1277,46.8418655395508,2013-01-29
1278,46.6946830749512,2013-01-30
1279,46.557708740234396,2013-01-31
1280,46.366569519043,2013-02-01
1281,45.21154403686521,2013-02-04
1282,46.7979202270508,2013-02-05
1283,46.747833251953104,2013-02-06
1284,49.882106781005895,2013-02-07
1285,50.6022834777832,2013-02-08
1286,51.129638671875,2013-02-11
1287,49.8480110168457,2013-02-12
1288,49.7531967163086,2013-02-13
1289,49.7084541320801,2013-02-14
1290,49.02343368530271,2013-02-15
1291,49.00532531738279,2013-02-19
1292,47.818511962890604,2013-02-20
1293,47.521278381347706,2013-02-21
1294,48.0273208618164,2013-02-22
1295,47.173976898193395,2013-02-25
1296,47.831298828125,2013-02-26
1297,47.3625411987305,2013-02-27
1298,47.024829864502,2013-02-28
1299,45.8603935241699,2013-03-01
1300,44.750282287597706,2013-03-04
1301,45.931770324707,2013-03-05
1302,45.3479537963867,2013-03-06
1303,45.8721122741699,2013-03-07
1304,45.9935646057129,2013-03-08
1305,46.6487503051758,2013-03-11
1306,45.6430549621582,2013-03-12
1307,45.6345291137695,2013-03-13
1308,46.0766525268555,2013-03-14
1309,47.2656021118164,2013-03-15
1310,48.55041122436521,2013-03-18
1311,48.419376373290994,2013-03-19
1312,48.162624359130895,2013-03-20
1313,48.2318725585938,2013-03-21
1314,49.2098731994629,2013-03-22
1315,49.387786865234396,2013-03-25
1316,49.127838134765604,2013-03-26
1317,48.162624359130895,2013-03-27
1318,47.1590576171875,2013-03-28
1319,45.69418716430661,2013-04-01
1320,45.7879447937012,2013-04-02
1321,46.022331237793,2013-04-03
1322,45.5674057006836,2013-04-04
1323,45.0858688354492,2013-04-05
1324,45.4065475463867,2013-04-08
1325,45.4885787963867,2013-04-09
1326,46.41650390625,2013-04-10
1327,46.2716217041016,2013-04-11
1328,45.7890090942383,2013-04-12
1329,44.7289848327637,2013-04-15
1330,45.409740447998,2013-04-16
1331,42.9125480651855,2013-04-17
1332,41.7672843933105,2013-04-18
1333,41.605354309081996,2013-04-19
1334,42.4725570678711,2013-04-22
1335,43.267307281494105,2013-04-23
1336,43.1959342956543,2013-04-24
1337,43.5070190429688,2013-04-25
1338,44.446662902832,2013-04-26
1339,45.8231010437012,2013-04-29
1340,47.1718406677246,2013-04-30
1341,46.8000373840332,2013-05-01
1342,47.463752746582,2013-05-02
1343,47.9389038085938,2013-05-03
1344,49.08202743530271,2013-05-06
1345,48.8636245727539,2013-05-07
1346,49.4154930114746,2013-05-08
1347,51.0102195739746,2013-05-09
1348,50.585845947265604,2013-05-10
1349,50.783519744873,2013-05-13
1350,49.56848526000979,2013-05-14
1351,47.8922271728516,2013-05-15
1352,48.532135009765604,2013-05-16
1353,48.384708404540994,2013-05-17
1354,49.4646224975586,2013-05-20
1355,49.099430084228494,2013-05-21
1356,49.2881660461426,2013-05-22
1357,49.3764038085938,2013-05-23
1358,49.7125396728516,2013-05-24
1359,49.298221588134794,2013-05-28
1360,49.6902046203613,2013-05-29
1361,50.4306106567383,2013-05-30
1362,50.224025726318395,2013-05-31
1363,50.3345832824707,2013-06-03
1364,50.1771125793457,2013-06-04
1365,49.708072662353494,2013-06-05
1366,48.9654312133789,2013-06-06
1367,49.3395500183105,2013-06-07
1368,49.0134506225586,2013-06-10
1369,48.86938858032229,2013-06-11
1370,48.26522064208979,2013-06-12
1371,48.6862297058105,2013-06-13
1372,48.0262336730957,2013-06-14
1373,48.2439994812012,2013-06-17
1374,48.218318939209006,2013-06-18
1375,47.2389106750488,2013-06-19
1376,46.550998687744105,2013-06-20
1377,46.1779937744141,2013-06-21
1378,44.954036712646506,2013-06-24
1379,44.9640769958496,2013-06-25
1380,44.4548416137695,2013-06-26
1381,43.97574615478521,2013-06-27
1382,44.2828559875488,2013-06-28
1383,45.700023651123,2013-07-01
1384,46.735256195068395,2013-07-02
1385,46.99324035644529,2013-07-03
1386,46.6157646179199,2013-07-05
1387,46.351100921630895,2013-07-08
1388,47.1663208007812,2013-07-09
1389,46.985416412353494,2013-07-10
1390,47.718017578125,2013-07-11
1391,47.63089752197271,2013-07-12
1392,47.7347564697266,2013-07-15
1393,48.0429878234863,2013-07-16
1394,48.0552787780762,2013-07-17
1395,48.2172050476074,2013-07-18
1396,47.4566841125488,2013-07-19
1397,47.60856628417971,2013-07-22
1398,46.7911033630371,2013-07-23
1399,49.194362640380895,2013-07-24
1400,48.96988677978521,2013-07-25
1401,49.2479667663574,2013-07-26
1402,50.0073661804199,2013-07-29
1403,50.6249389648438,2013-07-30
1404,50.53670501708979,2013-07-31
1405,51.0001564025879,2013-08-01
1406,51.65458679199221,2013-08-02
1407,52.42626953125,2013-08-05
1408,51.9572143554688,2013-08-06
1409,51.9270706176758,2013-08-07
1410,53.9614067077637,2013-08-08
1411,53.1935615539551,2013-08-09
1412,54.7046890258789,2013-08-12
1413,57.304370880127,2013-08-13
1414,58.3496284484863,2013-08-14
1415,58.280574798584006,2013-08-15
1416,58.7979316711426,2013-08-16
1417,59.431182861328104,2013-08-19
1418,58.6504592895508,2013-08-20
1419,58.8014450073242,2013-08-21
1420,58.8716697692871,2013-08-22
1421,58.644596099853494,2013-08-23
1422,58.8728446960449,2013-08-26
1423,57.189666748046896,2013-08-27
1424,57.4600410461426,2013-08-28
1425,57.55368423461911,2013-08-29
1426,57.029300689697294,2013-08-30
1427,57.1884841918945,2013-09-03
1428,58.3718757629395,2013-09-04
1429,57.9715461730957,2013-09-05
1430,58.31684875488279,2013-09-06
1431,59.2474174499512,2013-09-09
1432,57.8978042602539,2013-09-10
1433,54.7456398010254,2013-09-11
1434,55.3285522460938,2013-09-12
1435,54.4167366027832,2013-09-13
1436,52.6867256164551,2013-09-16
1437,53.2953910827637,2013-09-17
1438,54.390983581543,2013-09-18
1439,55.2829093933105,2013-09-19
1440,54.7105369567871,2013-09-20
1441,57.4296264648438,2013-09-23
1442,57.249359130859396,2013-09-24
1443,56.36328125,2013-09-25
1444,56.9122428894043,2013-09-26
1445,56.5060958862305,2013-09-27
1446,55.8037910461426,2013-09-30
1447,57.1159172058105,2013-10-01
1448,57.30319595336911,2013-10-02
1449,56.5833396911621,2013-10-03
1450,56.5388603210449,2013-10-04
1451,57.091335296630895,2013-10-07
1452,56.294216156005895,2013-10-08
1453,56.95556259155271,2013-10-09
1454,57.312564849853494,2013-10-10
1455,57.6836090087891,2013-10-11
1456,58.0616874694824,2013-10-14
1457,58.37070083618161,2013-10-15
1458,58.6551399230957,2013-10-16
1459,59.051937103271506,2013-10-17
1460,59.565788269043,2013-10-18
1461,61.0254096984863,2013-10-21
1462,60.85099029541021,2013-10-22
1463,61.4467849731445,2013-10-23
1464,62.260284423828104,2013-10-24
1465,61.563846588134794,2013-10-25
1466,62.0226707458496,2013-10-28
1467,60.4776077270508,2013-10-29
1468,61.439769744873,2013-10-30
1469,61.1822395324707,2013-10-31
1470,60.8697395324707,2013-11-01
1471,61.6563110351562,2013-11-04
1472,61.504150390625,2013-11-05
1473,63.5563163757324,2013-11-06
1474,62.527793884277294,2013-11-07
1475,63.5123901367188,2013-11-08
1476,63.328151702880895,2013-11-11
1477,63.445281982421896,2013-11-12
1478,63.52095031738279,2013-11-13
1479,64.43966674804689,2013-11-14
1480,64.05288696289061,2013-11-15
1481,63.2769241333008,2013-11-18
1482,63.3891677856445,2013-11-19
1483,62.83402252197271,2013-11-20
1484,63.5831527709961,2013-11-21
1485,63.4196701049805,2013-11-22
1486,63.900360107421896,2013-11-25
1487,65.0789642333984,2013-11-26
1488,66.6113815307617,2013-11-27
1489,67.84487915039061,2013-11-29
1490,67.2543792724609,2013-12-02
1491,69.095458984375,2013-12-03
1492,68.9344100952148,2013-12-04
1493,69.2882461547852,2013-12-05
1494,68.32680511474611,2013-12-06
1495,69.1088790893555,2013-12-09
1496,69.00152587890621,2013-12-10
1497,68.4902801513672,2013-12-11
1498,68.390251159668,2013-12-12
1499,67.64479827880861,2013-12-13
1500,68.0193710327148,2013-12-16
1501,67.7131271362305,2013-12-17
1502,67.1982421875,2013-12-18
1503,66.42837524414061,2013-12-19
1504,66.9847259521484,2013-12-20
1505,69.555419921875,2013-12-23
1506,69.26016235351561,2013-12-24
1507,68.80019378662111,2013-12-26
1508,68.33535003662111,2013-12-27
1509,67.6557693481445,2013-12-30
1510,68.44882965087889,2013-12-31
1511,67.48617553710939,2014-01-02
1512,66.003776550293,2014-01-03
1513,66.3637008666992,2014-01-06
1514,65.8891143798828,2014-01-07
1515,66.3063812255859,2014-01-08
1516,65.4596405029297,2014-01-09
1517,65.022834777832,2014-01-10
1518,65.3632431030273,2014-01-13
1519,66.6638565063477,2014-01-14
1520,68.0022659301758,2014-01-15
1521,67.6228179931641,2014-01-16
1522,65.96596527099611,2014-01-17
1523,66.99082183837889,2014-01-21
1524,67.2885208129883,2014-01-22
1525,67.8583145141602,2014-01-23
1526,66.6248016357422,2014-01-24
1527,67.16531372070311,2014-01-27
1528,61.7969627380371,2014-01-28
1529,61.0954170227051,2014-01-29
1530,60.9770622253418,2014-01-30
1531,61.07710266113279,2014-01-31
1532,61.1905670166016,2014-02-03
1533,62.0763626098633,2014-02-04
1534,62.539981842040994,2014-02-05
1535,65.2478713989258,2014-02-06
1536,66.1606979370117,2014-02-07
1537,67.34597015380861,2014-02-10
1538,68.23329925537111,2014-02-11
1539,68.2282333374023,2014-02-12
1540,69.31162261962889,2014-02-13
1541,69.2556228637695,2014-02-14
1542,69.51023101806639,2014-02-18
1543,68.41281890869139,2014-02-19
1544,67.62094879150389,2014-02-20
1545,66.86981201171879,2014-02-21
1546,67.1626358032227,2014-02-24
1547,66.4636917114258,2014-02-25
1548,65.8640594482422,2014-02-26
1549,67.1779098510742,2014-02-27
1550,66.99582672119139,2014-02-28
1551,67.1893692016602,2014-03-03
1552,67.6323928833008,2014-03-04
1553,67.77499389648439,2014-03-05
1554,67.5700302124023,2014-03-06
1555,67.53054809570311,2014-03-07
1556,67.59165191650389,2014-03-10
1557,68.24984741210939,2014-03-11
1558,68.3160552978516,2014-03-12
1559,67.5572891235352,2014-03-13
1560,66.79852294921879,2014-03-14
1561,67.05950927734379,2014-03-17
1562,67.6527786254883,2014-03-18
1563,67.6349639892578,2014-03-19
1564,67.3090362548828,2014-03-20
1565,67.83990478515621,2014-03-21
1566,68.6445236206055,2014-03-24
1567,69.3829193115234,2014-03-25
1568,68.71962738037111,2014-03-26
1569,68.4242630004883,2014-03-27
1570,68.3478927612305,2014-03-28
1571,68.3326034545898,2014-03-31
1572,68.95770263671879,2014-04-01
1573,69.07228851318361,2014-04-02
1574,68.5936126708984,2014-04-03
1575,67.7062606811523,2014-04-04
1576,66.64321136474611,2014-04-07
1577,66.63937377929689,2014-04-08
1578,67.5152740478516,2014-04-09
1579,66.6444778442383,2014-04-10
1580,66.1517868041992,2014-04-11
1581,66.4153213500977,2014-04-14
1582,65.9417190551758,2014-04-15
1583,66.0754013061523,2014-04-16
1584,66.83034515380861,2014-04-17
1585,67.6234893798828,2014-04-21
1586,67.6909561157227,2014-04-22
1587,66.8061599731445,2014-04-23
1588,72.2830581665039,2014-04-24
1589,72.8139266967773,2014-04-25
1590,75.6338577270508,2014-04-28
1591,75.409797668457,2014-04-29
1592,75.124626159668,2014-04-30
1593,75.3015823364258,2014-05-01
1594,75.4416275024414,2014-05-02
1595,76.50848388671879,2014-05-05
1596,75.6746063232422,2014-05-06
1597,75.409797668457,2014-05-07
1598,77.88548278808591,2014-05-08
1599,77.5609588623047,2014-05-09
1600,78.5265884399414,2014-05-12
1601,78.649787902832,2014-05-13
1602,78.6643447875977,2014-05-14
1603,77.9954376220703,2014-05-15
1604,79.1465148925781,2014-05-16
1605,80.0843200683594,2014-05-19
1606,80.100212097168,2014-05-20
1607,80.3121643066406,2014-05-21
1608,80.4393310546875,2014-05-22
1609,81.3479995727539,2014-05-23
1610,82.8713150024414,2014-05-27
1611,82.6567306518555,2014-05-28
1612,84.1627960205078,2014-05-29
1613,83.8475341796875,2014-05-30
1614,83.2713394165039,2014-06-02
1615,84.44891357421879,2014-06-03
1616,85.4132080078125,2014-06-04
1617,85.7483367919922,2014-06-05
1618,85.512580871582,2014-06-06
1619,86.8808822631836,2014-06-09
1620,87.3908538818359,2014-06-10
1621,87.0292510986328,2014-06-11
1622,85.5734939575195,2014-06-12
1623,84.6369857788086,2014-06-13
1624,85.4900436401367,2014-06-16
1625,85.378776550293,2014-06-17
1626,85.4715118408203,2014-06-18
1627,85.1747970581055,2014-06-19
1628,84.29393005371091,2014-06-20
1629,84.2197494506836,2014-06-23
1630,83.7098007202148,2014-06-24
1631,83.783935546875,2014-06-25
1632,84.2846755981445,2014-06-26
1633,85.2860565185547,2014-06-27
1634,86.1669387817383,2014-06-30
1635,86.71398162841801,2014-07-01
1636,86.67688751220699,2014-07-02
1637,87.1868743896484,2014-07-03
1638,88.98568725585942,2014-07-07
1639,88.4108047485352,2014-07-08
1640,88.4478912353516,2014-07-09
1641,88.1233596801758,2014-07-10
1642,88.2902603149414,2014-07-11
1643,89.4307479858398,2014-07-14
1644,88.3830032348633,2014-07-15
1645,87.88229370117192,2014-07-16
1646,86.31527709960942,2014-07-17
1647,87.5577545166016,2014-07-18
1648,87.1034393310547,2014-07-21
1649,87.82665252685551,2014-07-22
1650,90.1168899536133,2014-07-23
1651,89.9685440063477,2014-07-24
1652,90.5619583129883,2014-07-25
1653,91.81371307373051,2014-07-28
1654,91.2202987670898,2014-07-29
1655,91.00701904296879,2014-07-30
1656,88.64260864257808,2014-07-31
1657,89.134033203125,2014-08-01
1658,88.63333129882808,2014-08-04
1659,88.19754028320308,2014-08-05
1660,88.04920196533199,2014-08-06
1661,88.0398712158203,2014-08-07
1662,88.28213500976558,2014-08-08
1663,89.4469528198242,2014-08-11
1664,89.42831420898442,2014-08-12
1665,90.6117401123047,2014-08-13
1666,90.85400390625,2014-08-14
1667,91.3013076782227,2014-08-15
1668,92.40087127685551,2014-08-18
1669,93.6774749755859,2014-08-19
1670,93.7147598266602,2014-08-20
1671,93.7240676879883,2014-08-21
1672,94.41363525390621,2014-08-22
1673,94.6186370849609,2014-08-25
1674,94.012939453125,2014-08-26
1675,95.1684112548828,2014-08-27
1676,95.2802505493164,2014-08-28
1677,95.51317596435551,2014-08-29
1678,96.25865936279301,2014-09-02
1679,92.1958541870117,2014-09-03
1680,91.43175506591801,2014-09-04
1681,92.2238082885742,2014-09-05
1682,91.6553955078125,2014-09-08
1683,91.3106155395508,2014-09-09
1684,94.11544799804692,2014-09-10
1685,94.5161285400391,2014-09-11
1686,94.73046112060551,2014-09-12
1687,94.7024765014648,2014-09-15
1688,93.98497772216801,2014-09-16
1689,94.6559219360352,2014-09-17
1690,94.8516006469727,2014-09-18
1691,94.0781707763672,2014-09-19
1692,94.1713485717773,2014-09-22
1693,95.6436538696289,2014-09-23
1694,94.8143157958984,2014-09-24
1695,91.1988143920898,2014-09-25
1696,93.8824691772461,2014-09-26
1697,93.2860870361328,2014-09-29
1698,93.8824691772461,2014-09-30
1699,92.4195098876953,2014-10-01
1700,93.0904159545898,2014-10-02
1701,92.8295135498047,2014-10-03
1702,92.8295135498047,2014-10-06
1703,92.01880645751949,2014-10-07
1704,93.9290924072266,2014-10-08
1705,94.13406372070308,2014-10-09
1706,93.86383056640621,2014-10-10
1707,93.00656127929692,2014-10-13
1708,92.01880645751949,2014-10-14
1709,90.8912734985352,2014-10-15
1710,89.6985244750977,2014-10-16
1711,91.01242065429692,2014-10-17
1712,92.95996856689449,2014-10-20
1713,95.4852523803711,2014-10-21
1714,95.9698028564453,2014-10-22
1715,97.6843795776367,2014-10-23
1716,98.0477981567383,2014-10-24
1717,97.9452896118164,2014-10-27
1718,99.46417236328121,2014-10-28
1719,100.02328491210899,2014-10-29
1720,99.68783569335942,2014-10-30
1721,100.638282775879,2014-10-31
1722,101.94286346435499,2014-11-03
1723,101.197387695312,2014-11-04
1724,101.439666748047,2014-11-05
1725,101.729789733887,2014-11-06
1726,102.019912719727,2014-11-07
1727,101.851455688477,2014-11-10
1728,102.665672302246,2014-11-11
1729,104.11629486084,2014-11-12
1730,105.585594177246,2014-11-13
1731,106.85839080810499,2014-11-14
1732,106.68057250976601,2014-11-17
1733,108.065673828125,2014-11-18
1734,107.31697082519501,2014-11-19
1735,108.851806640625,2014-11-20
1736,109.00155639648399,2014-11-21
1737,111.02306365966801,2014-11-24
1738,110.059097290039,2014-11-25
1739,111.369316101074,2014-11-26
1740,111.30380249023399,2014-11-28
1741,107.69132995605499,2014-12-01
1742,107.279541015625,2014-12-02
1743,108.496192932129,2014-12-03
1744,108.08438873291,2014-12-04
1745,107.625816345215,2014-12-05
1746,105.19253540039101,2014-12-08
1747,106.80224609375,2014-12-09
1748,104.77140808105499,2014-12-10
1749,104.462562561035,2014-12-11
1750,102.693748474121,2014-12-12
1751,101.289939880371,2014-12-15
1752,99.9048233032227,2014-12-16
1753,102.394248962402,2014-12-17
1754,105.426498413086,2014-12-18
1755,104.612289428711,2014-12-19
1756,105.69790649414101,2014-12-22
1757,105.32356262207001,2014-12-23
1758,104.82755279541,2014-12-24
1759,106.68057250976601,2014-12-26
1760,106.60572052002001,2014-12-29
1761,105.30484008789101,2014-12-30
1762,103.30206298828101,2014-12-31
1763,102.31939697265601,2015-01-02
1764,99.4368896484375,2015-01-05
1765,99.4462509155273,2015-01-06
1766,100.840713500977,2015-01-07
1767,104.71525573730499,2015-01-08
1768,104.82755279541,2015-01-09
1769,102.244522094727,2015-01-12
1770,103.152313232422,2015-01-13
1771,102.759262084961,2015-01-14
1772,99.9703369140625,2015-01-15
1773,99.1935577392578,2015-01-16
1774,101.74851226806601,2015-01-20
1775,102.525291442871,2015-01-21
1776,105.19253540039101,2015-01-22
1777,105.73534393310499,2015-01-23
1778,105.84764862060499,2015-01-26
1779,102.141586303711,2015-01-27
1780,107.91593170166,2015-01-28
1781,111.275741577148,2015-01-29
1782,109.647323608398,2015-01-30
1783,111.02306365966801,2015-02-02
1784,111.04177093505899,2015-02-03
1785,111.89340209960899,2015-02-04
1786,112.69204711914101,2015-02-05
1787,111.74308776855499,2015-02-06
1788,112.4853515625,2015-02-09
1789,114.64635467529301,2015-02-10
1790,117.333511352539,2015-02-11
1791,118.81803894042999,2015-02-12
1792,119.400588989258,2015-02-13
1793,120.105262756348,2015-02-17
1794,120.94149017334,2015-02-18
1795,120.687782287598,2015-02-19
1796,121.67432403564501,2015-02-20
1797,124.96282958984399,2015-02-23
1798,124.18297576904301,2015-02-24
1799,121.00723266601601,2015-02-25
1800,122.538734436035,2015-02-26
1801,120.69718170166,2015-02-27
1802,121.289131164551,2015-03-02
1803,121.54280090332001,2015-03-03
1804,120.77234649658199,2015-03-04
1805,118.77108001709,2015-03-05
1806,118.949584960938,2015-03-06
1807,119.45697021484399,2015-03-09
1808,116.985885620117,2015-03-10
1809,114.853057861328,2015-03-11
1810,116.929496765137,2015-03-12
1811,116.121482849121,2015-03-13
1812,117.39928436279301,2015-03-16
1813,119.362991333008,2015-03-17
1814,120.706596374512,2015-03-18
1815,119.795204162598,2015-03-19
1816,118.291885375977,2015-03-20
1817,119.522735595703,2015-03-23
1818,119.03415679931601,2015-03-24
1819,115.92416381835899,2015-03-25
1820,116.73220062255899,2015-03-26
1821,115.802032470703,2015-03-27
1822,118.733505249023,2015-03-30
1823,116.91070556640601,2015-03-31
1824,116.741592407227,2015-04-01
1825,117.746932983398,2015-04-02
1826,119.654258728027,2015-04-06
1827,118.395248413086,2015-04-07
1828,118.010009765625,2015-04-08
1829,118.912002563477,2015-04-09
1830,119.41937255859399,2015-04-10
1831,119.18448638916,2015-04-13
1832,118.667724609375,2015-04-14
1833,119.11871337890601,2015-04-15
1834,118.545570373535,2015-04-16
1835,117.211380004883,2015-04-17
1836,119.88915252685499,2015-04-20
1837,119.240867614746,2015-04-21
1838,120.847511291504,2015-04-22
1839,121.83407592773399,2015-04-23
1840,122.40720367431601,2015-04-24
1841,124.633964538574,2015-04-27
1842,122.67029571533199,2015-04-28
1843,120.866317749023,2015-04-29
1844,117.587211608887,2015-04-30
1845,121.15758514404301,2015-05-01
1846,120.92268371582001,2015-05-04
1847,118.197944641113,2015-05-05
1848,117.455665588379,2015-05-06
1849,118.182167053223,2015-05-07
1850,120.40882110595699,2015-05-08
1851,119.18225860595699,2015-05-11
1852,118.757690429688,2015-05-12
1853,118.889785766602,2015-05-13
1854,121.66365814209,2015-05-14
1855,121.49383544921899,2015-05-15
1856,122.833602905273,2015-05-18
1857,122.72038269042999,2015-05-19
1858,122.71092987060499,2015-05-20
1859,123.965789794922,2015-05-21
1860,125.050819396973,2015-05-22
1861,122.295799255371,2015-05-26
1862,124.579063415527,2015-05-27
1863,124.333740234375,2015-05-28
1864,122.918510437012,2015-05-29
1865,123.16381072997999,2015-06-01
1866,122.616600036621,2015-06-02
1867,122.767539978027,2015-06-03
1868,122.050491333008,2015-06-04
1869,121.380615234375,2015-06-05
1870,120.578628540039,2015-06-08
1871,120.220108032227,2015-06-09
1872,121.597625732422,2015-06-10
1873,121.324005126953,2015-06-11
1874,119.984237670898,2015-06-12
1875,119.74836730957001,2015-06-15
1876,120.389938354492,2015-06-16
1877,120.106895446777,2015-06-17
1878,120.654121398926,2015-06-18
1879,119.44644165039101,2015-06-19
1880,120.399375915527,2015-06-22
1881,119.852149963379,2015-06-23
1882,120.871131896973,2015-06-24
1883,120.29559326171899,2015-06-25
1884,119.58797454834,2015-06-26
1885,117.493423461914,2015-06-29
1886,118.342559814453,2015-06-30
1887,119.44644165039101,2015-07-01
1888,119.29548645019501,2015-07-02
1889,118.880355834961,2015-07-06
1890,118.58786773681601,2015-07-07
1891,115.644165039062,2015-07-08
1892,113.285415649414,2015-07-09
1893,116.31404113769501,2015-07-10
1894,118.55956268310499,2015-07-13
1895,118.512382507324,2015-07-14
1896,119.654014587402,2015-07-15
1897,121.24852752685499,2015-07-16
1898,122.295799255371,2015-07-17
1899,124.607368469238,2015-07-20
1900,123.361961364746,2015-07-21
1901,118.144432067871,2015-07-22
1902,118.08780670166,2015-07-23
1903,117.46509552002001,2015-07-24
1904,115.832847595215,2015-07-27
1905,116.408378601074,2015-07-28
1906,116.040428161621,2015-07-29
1907,115.455459594727,2015-07-30
1908,114.445922851562,2015-07-31
1909,111.747543334961,2015-08-03
1910,108.162246704102,2015-08-04
1911,108.87930297851601,2015-08-05
1912,109.11623382568399,2015-08-06
1913,109.485870361328,2015-08-07
1914,113.466499328613,2015-08-10
1915,107.561904907227,2015-08-11
1916,109.220497131348,2015-08-12
1917,109.13519287109399,2015-08-13
1918,109.90289306640601,2015-08-14
1919,111.040214538574,2015-08-17
1920,110.41468048095699,2015-08-18
1921,109.00251770019501,2015-08-19
1922,106.76579284667999,2015-08-20
1923,100.23568725585899,2015-08-21
1924,97.7335968017578,2015-08-24
1925,98.3212051391602,2015-08-25
1926,103.960411071777,2015-08-26
1927,107.021690368652,2015-08-27
1928,107.372367858887,2015-08-28
1929,106.870048522949,2015-08-31
1930,102.093315124512,2015-09-01
1931,106.47198486328101,2015-09-02
1932,104.604881286621,2015-09-03
1933,103.56233215332001,2015-09-04
1934,106.443550109863,2015-09-08
1935,104.39636993408199,2015-09-09
1936,106.68996429443399,2015-09-10
1937,108.244316101074,2015-09-11
1938,109.286827087402,2015-09-14
1939,110.20616912841801,2015-09-15
1940,110.329376220703,2015-09-16
1941,107.969444274902,2015-09-17
1942,107.52400207519501,2015-09-18
1943,109.19206237792999,2015-09-21
1944,107.476608276367,2015-09-22
1945,108.34855651855499,2015-09-23
1946,108.993041992188,2015-09-24
1947,108.71817779541,2015-09-25
1948,106.566749572754,2015-09-28
1949,103.363311767578,2015-09-29
1950,104.53855133056601,2015-09-30
1951,103.856147766113,2015-10-01
1952,104.614356994629,2015-10-02
1953,104.99346923828101,2015-10-05
1954,105.495780944824,2015-10-06
1955,104.99346923828101,2015-10-07
1956,103.780326843262,2015-10-08
1957,106.263465881348,2015-10-09
1958,105.770629882812,2015-10-12
1959,105.950698852539,2015-10-13
1960,104.453231811523,2015-10-14
1961,106.017059326172,2015-10-15
1962,105.239891052246,2015-10-16
1963,105.893852233887,2015-10-19
1964,107.827285766602,2015-10-20
1965,107.817802429199,2015-10-21
1966,109.466918945312,2015-10-22
1967,112.859916687012,2015-10-23
1968,109.25841522216801,2015-10-26
1969,108.566543579102,2015-10-27
1970,113.039985656738,2015-10-28
1971,114.234176635742,2015-10-29
1972,113.25798034667999,2015-10-30
1973,114.85022735595699,2015-11-02
1974,116.16761016845699,2015-11-03
1975,115.627395629883,2015-11-04
1976,115.09436798095699,2015-11-05
1977,115.22762298584,2015-11-06
1978,114.76123809814501,2015-11-09
1979,111.144302368164,2015-11-10
1980,110.51611328125,2015-11-11
1981,110.14488983154301,2015-11-12
1982,106.927734375,2015-11-13
1983,108.67908477783199,2015-11-16
1984,108.212699890137,2015-11-17
1985,111.63923645019501,2015-11-18
1986,113.05744934082001,2015-11-19
1987,113.55241394042999,2015-11-20
1988,112.07708740234399,2015-11-23
1989,113.15264892578101,2015-11-24
1990,112.343605041504,2015-11-25
1991,112.134208679199,2015-11-27
1992,112.60059356689501,2015-11-30
1993,111.686836242676,2015-12-01
1994,110.677909851074,2015-12-02
1995,109.649940490723,2015-12-03
1996,113.29541015625,2015-12-04
1997,112.581558227539,2015-12-07
1998,112.533966064453,2015-12-08
1999,110.049705505371,2015-12-09
2000,110.573204040527,2015-12-10
2001,107.72727203369101,2015-12-11
2002,107.060997009277,2015-12-14
2003,105.166854858398,2015-12-15
2004,105.975898742676,2015-12-16
2005,103.72960662841801,2015-12-17
2006,100.921737670898,2015-12-18
2007,102.159111022949,2015-12-21
2008,102.063919067383,2015-12-22
2009,103.37743377685499,2015-12-23
2010,102.82537841796899,2015-12-24
2011,101.673683166504,2015-12-28
2012,103.50115966796899,2015-12-29
2013,102.149589538574,2015-12-30
2014,100.18883514404301,2015-12-31
2015,100.274513244629,2016-01-04
2016,97.7616806030273,2016-01-05
2017,95.8485107421875,2016-01-06
2018,91.8032760620117,2016-01-07
2019,92.2886962890625,2016-01-08
2020,93.78307342529301,2016-01-11
2021,95.1441650390625,2016-01-12
2022,92.69799041748051,2016-01-13
2023,94.72537231445308,2016-01-14
2024,92.4505157470703,2016-01-15
2025,92.00316619873051,2016-01-19
2026,92.1268997192383,2016-01-20
2027,91.6604995727539,2016-01-21
2028,96.5338363647461,2016-01-22
2029,94.6492385864258,2016-01-25
2030,95.1727294921875,2016-01-26
2031,88.91925048828121,2016-01-27
2032,89.55697631835942,2016-01-28
2033,92.650390625,2016-01-29
2034,91.78424072265621,2016-02-01
2035,89.92819213867192,2016-02-02
2036,91.70809936523442,2016-02-03
2037,92.4449691772461,2016-02-04
2038,89.9759292602539,2016-02-05
2039,90.9233551025391,2016-02-08
2040,90.9042129516602,2016-02-09
2041,90.2151870727539,2016-02-10
2042,89.6697158813477,2016-02-11
2043,89.9472427368164,2016-02-12
2044,92.48324584960942,2016-02-16
2045,93.89959716796879,2016-02-17
2046,92.1196060180664,2016-02-18
2047,91.90904998779301,2016-02-19
2048,92.71292114257808,2016-02-22
2049,90.6171340942383,2016-02-23
2050,91.9664688110352,2016-02-24
2051,92.5980987548828,2016-02-25
2052,92.74163818359379,2016-02-26
2053,92.5311126708984,2016-02-29
2054,96.20592498779301,2016-03-01
2055,96.4164657592773,2016-03-02
2056,97.1342086791992,2016-03-03
2057,98.5792694091797,2016-03-04
2058,97.4883041381836,2016-03-07
2059,96.6844100952148,2016-03-08
2060,96.7705535888672,2016-03-09
2061,96.81838989257808,2016-03-10
2062,97.8615264892578,2016-03-11
2063,98.1103286743164,2016-03-14
2064,100.08172607421899,2016-03-15
2065,101.41195678710899,2016-03-16
2066,101.24925994872999,2016-03-17
2067,101.364082336426,2016-03-18
2068,101.35451507568399,2016-03-21
2069,102.129684448242,2016-03-22
2070,101.56505584716801,2016-03-23
2071,101.124839782715,2016-03-24
2072,100.665496826172,2016-03-28
2073,103.048385620117,2016-03-29
2074,104.84752655029301,2016-03-30
2075,104.302032470703,2016-03-31
2076,105.259033203125,2016-04-01
2077,106.34044647216801,2016-04-04
2078,105.086776733398,2016-04-05
2079,106.187309265137,2016-04-06
2080,103.87139892578101,2016-04-07
2081,103.98623657226601,2016-04-08
2082,104.33073425292999,2016-04-11
2083,105.68967437744101,2016-04-12
2084,107.220863342285,2016-04-13
2085,107.278266906738,2016-04-14
2086,105.125053405762,2016-04-15
2087,102.85699462890601,2016-04-18
2088,102.31150054931601,2016-04-19
2089,102.52204895019501,2016-04-20
2090,101.41195678710899,2016-04-21
2091,101.134422302246,2016-04-22
2092,100.560218811035,2016-04-25
2093,99.8616104125977,2016-04-26
2094,93.6125030517578,2016-04-27
2095,90.75110626220699,2016-04-28
2096,89.7079849243164,2016-04-29
2097,89.6122817993164,2016-05-02
2098,91.0860443115234,2016-05-03
2099,90.1386260986328,2016-05-04
2100,89.7727508544922,2016-05-05
2101,89.2720947265625,2016-05-06
2102,89.3395004272461,2016-05-09
2103,89.9460678100586,2016-05-10
2104,89.0699081420898,2016-05-11
2105,86.9805908203125,2016-05-12
2106,87.1539077758789,2016-05-13
2107,90.3889617919922,2016-05-16
2108,90.0134735107422,2016-05-17
2109,91.0436859130859,2016-05-18
2110,90.6970596313477,2016-05-19
2111,91.6791305541992,2016-05-20
2112,92.84412384033199,2016-05-23
2113,94.2594680786133,2016-05-24
2114,95.9155044555664,2016-05-25
2115,96.6761322021484,2016-05-26
2116,96.6183547973633,2016-05-27
2117,96.14659881591801,2016-05-31
2118,94.7986526489258,2016-06-01
2119,94.086181640625,2016-06-02
2120,94.2787246704102,2016-06-03
2121,94.9623184204102,2016-06-06
2122,95.3474502563477,2016-06-07
2123,95.26080322265621,2016-06-08
2124,95.94439697265621,2016-06-09
2125,95.1549072265625,2016-06-10
2126,93.72030639648442,2016-06-13
2127,93.83582305908199,2016-06-14
2128,93.5277252197266,2016-06-15
2129,93.9224853515625,2016-06-16
2130,91.78504180908199,2016-06-17
2131,91.5635986328125,2016-06-20
2132,92.34347534179692,2016-06-21
2133,91.9968719482422,2016-06-22
2134,92.5264053344727,2016-06-23
2135,89.92681884765621,2016-06-24
2136,88.6173782348633,2016-06-27
2137,90.10974884033199,2016-06-28
2138,90.8896331787109,2016-06-29
2139,92.0450057983398,2016-06-30
2140,92.32421875,2016-07-01
2141,91.4576797485352,2016-07-05
2142,91.9776153564453,2016-07-06
2143,92.3723678588867,2016-07-07
2144,93.08484649658199,2016-07-08
2145,93.37368774414058,2016-07-11
2146,93.7973175048828,2016-07-12
2147,93.2677688598633,2016-07-13
2148,95.1163787841797,2016-07-14
2149,95.1067428588867,2016-07-15
2150,96.1177139282227,2016-07-18
2151,96.15621948242192,2016-07-19
2152,96.2428665161133,2016-07-20
2153,95.7325820922852,2016-07-21
2154,94.9912109375,2016-07-22
2155,93.72030639648442,2016-07-25
2156,93.0752105712891,2016-07-26
2157,99.12167358398442,2016-07-27
2158,100.459991455078,2016-07-28
2159,100.334823608398,2016-07-29
2160,102.106414794922,2016-08-01
2161,100.59478759765601,2016-08-02
2162,101.85607147216801,2016-08-03
2163,102.485298156738,2016-08-04
2164,104.043823242188,2016-08-05
2165,104.90536499023399,2016-08-08
2166,105.33129119872999,2016-08-09
2167,104.547203063965,2016-08-10
2168,104.479438781738,2016-08-11
2169,104.721435546875,2016-08-12
2170,105.97988891601601,2016-08-15
2171,105.88307952880899,2016-08-16
2172,105.72819519042999,2016-08-17
2173,105.592674255371,2016-08-18
2174,105.863716125488,2016-08-19
2175,105.04090118408199,2016-08-22
2176,105.37003326416,2016-08-23
2177,104.576240539551,2016-08-24
2178,104.13095092773399,2016-08-25
2179,103.52108764648399,2016-08-26
2180,103.404922485352,2016-08-29
2181,102.611137390137,2016-08-30
2182,102.707939147949,2016-08-31
2183,103.31779479980499,2016-09-01
2184,104.285842895508,2016-09-02
2185,104.256782531738,2016-09-06
2186,104.895683288574,2016-09-07
2187,102.14647674560499,2016-09-08
2188,99.83289337158199,2016-09-09
2189,102.069046020508,2016-09-12
2190,104.498794555664,2016-09-13
2191,108.19666290283199,2016-09-14
2192,111.875175476074,2016-09-15
2193,111.245971679688,2016-09-16
2194,109.94880676269501,2016-09-19
2195,109.939125061035,2016-09-20
2196,109.919761657715,2016-09-21
2197,110.95555877685499,2016-09-22
2198,109.10661315917999,2016-09-23
2199,109.271186828613,2016-09-26
2200,109.47445678710899,2016-09-27
2201,110.30697631835899,2016-09-28
2202,108.593559265137,2016-09-29
2203,109.435752868652,2016-09-30
2204,108.92268371582001,2016-10-03
2205,109.387351989746,2016-10-04
2206,109.435752868652,2016-10-05
2207,110.248878479004,2016-10-06
2208,110.41344451904301,2016-10-07
2209,112.33983612060499,2016-10-10
2210,112.581855773926,2016-10-11
2211,113.588592529297,2016-10-12
2212,113.240112304688,2016-10-13
2213,113.86932373046899,2016-10-14
2214,113.791885375977,2016-10-17
2215,113.71443939209,2016-10-18
2216,113.375625610352,2016-10-19
2217,113.317543029785,2016-10-20
2218,112.872245788574,2016-10-21
2219,113.88867950439501,2016-10-24
2220,114.469497680664,2016-10-25
2221,111.89453125,2016-10-26
2222,110.820037841797,2016-10-27
2223,110.08432006835899,2016-10-28
2224,109.91007995605499,2016-10-31
2225,107.925621032715,2016-11-01
2226,108.022415161133,2016-11-02
2227,106.86456298828101,2016-11-03
2228,105.90128326416,2016-11-04
2229,107.42889404296899,2016-11-07
2230,108.061332702637,2016-11-08
2231,107.88620758056601,2016-11-09
2232,104.879638671875,2016-11-10
2233,105.50234985351601,2016-11-11
2234,102.85580444335899,2016-11-14
2235,104.218002319336,2016-11-15
2236,107.020233154297,2016-11-16
2237,106.98131561279301,2016-11-17
2238,107.088348388672,2016-11-18
2239,108.71326446533199,2016-11-21
2240,108.781372070312,2016-11-22
2241,108.226760864258,2016-11-23
2242,108.771629333496,2016-11-25
2243,108.557579040527,2016-11-28
2244,108.450546264648,2016-11-29
2245,107.535919189453,2016-11-30
2246,106.533737182617,2016-12-01
2247,106.93267822265601,2016-12-02
2248,106.163993835449,2016-12-05
2249,106.98131561279301,2016-12-06
2250,108.03215026855499,2016-12-07
2251,109.092727661133,2016-12-08
2252,110.873321533203,2016-12-09
2253,110.240867614746,2016-12-12
2254,112.079833984375,2016-12-13
2255,112.079833984375,2016-12-14
2256,112.692825317383,2016-12-15
2257,112.838768005371,2016-12-16
2258,113.490684509277,2016-12-19
2259,113.79231262207001,2016-12-20
2260,113.89933776855499,2016-12-21
2261,113.15013885497999,2016-12-22
2262,113.373916625977,2016-12-23
2263,114.093948364258,2016-12-27
2264,113.60744476318399,2016-12-28
2265,113.578247070312,2016-12-29
2266,112.692825317383,2016-12-30
