,date,adj_close
0,2013-01-02 00:00:00,56.118869781494105
1,2013-01-03 00:00:00,55.410530090332
2,2013-01-04 00:00:00,53.867073059082
3,2013-01-07 00:00:00,53.55020904541021
4,2013-01-08 00:00:00,53.6943359375
5,2013-01-09 00:00:00,52.85514068603521
6,2013-01-10 00:00:00,53.510345458984396
7,2013-01-11 00:00:00,53.1822319030762
8,2013-01-14 00:00:00,51.2861518859863
9,2013-01-15 00:00:00,49.6681060791016
10,2013-01-16 00:00:00,51.729763031005895
11,2013-01-17 00:00:00,51.381217956543
12,2013-01-18 00:00:00,51.107292175293
13,2013-01-22 00:00:00,51.59485244750979
14,2013-01-23 00:00:00,52.539306640625
15,2013-01-24 00:00:00,46.047664642334006
16,2013-01-25 00:00:00,44.9621429443359
17,2013-01-28 00:00:00,45.979190826415994
18,2013-01-29 00:00:00,46.8418655395508
19,2013-01-30 00:00:00,46.6946830749512
20,2013-01-31 00:00:00,46.557708740234396
21,2013-02-01 00:00:00,46.366569519043
22,2013-02-04 00:00:00,45.21154403686521
23,2013-02-05 00:00:00,46.7979202270508
24,2013-02-06 00:00:00,46.747833251953104
25,2013-02-07 00:00:00,49.882106781005895
26,2013-02-08 00:00:00,50.6022834777832
27,2013-02-11 00:00:00,51.129638671875
28,2013-02-12 00:00:00,49.8480110168457
29,2013-02-13 00:00:00,49.7531967163086
30,2013-02-14 00:00:00,49.7084541320801
31,2013-02-15 00:00:00,49.02343368530271
32,2013-02-19 00:00:00,49.00532531738279
33,2013-02-20 00:00:00,47.818511962890604
34,2013-02-21 00:00:00,47.521278381347706
35,2013-02-22 00:00:00,48.0273208618164
36,2013-02-25 00:00:00,47.173976898193395
37,2013-02-26 00:00:00,47.831298828125
38,2013-02-27 00:00:00,47.3625411987305
39,2013-02-28 00:00:00,47.024829864502
40,2013-03-01 00:00:00,45.8603935241699
41,2013-03-04 00:00:00,44.750282287597706
42,2013-03-05 00:00:00,45.931770324707
43,2013-03-06 00:00:00,45.3479537963867
44,2013-03-07 00:00:00,45.8721122741699
45,2013-03-08 00:00:00,45.9935646057129
46,2013-03-11 00:00:00,46.6487503051758
47,2013-03-12 00:00:00,45.6430549621582
48,2013-03-13 00:00:00,45.6345291137695
49,2013-03-14 00:00:00,46.0766525268555
50,2013-03-15 00:00:00,47.2656021118164
51,2013-03-18 00:00:00,48.55041122436521
52,2013-03-19 00:00:00,48.419376373290994
53,2013-03-20 00:00:00,48.162624359130895
54,2013-03-21 00:00:00,48.2318725585938
55,2013-03-22 00:00:00,49.2098731994629
56,2013-03-25 00:00:00,49.387786865234396
57,2013-03-26 00:00:00,49.127838134765604
58,2013-03-27 00:00:00,48.162624359130895
59,2013-03-28 00:00:00,47.1590576171875
60,2013-04-01 00:00:00,45.69418716430661
61,2013-04-02 00:00:00,45.7879447937012
62,2013-04-03 00:00:00,46.022331237793
63,2013-04-04 00:00:00,45.5674057006836
64,2013-04-05 00:00:00,45.0858688354492
65,2013-04-08 00:00:00,45.4065475463867
66,2013-04-09 00:00:00,45.4885787963867
67,2013-04-10 00:00:00,46.41650390625
68,2013-04-11 00:00:00,46.2716217041016
69,2013-04-12 00:00:00,45.7890090942383
70,2013-04-15 00:00:00,44.7289848327637
71,2013-04-16 00:00:00,45.409740447998
72,2013-04-17 00:00:00,42.9125480651855
73,2013-04-18 00:00:00,41.7672843933105
74,2013-04-19 00:00:00,41.605354309081996
75,2013-04-22 00:00:00,42.4725570678711
76,2013-04-23 00:00:00,43.267307281494105
77,2013-04-24 00:00:00,43.1959342956543
78,2013-04-25 00:00:00,43.5070190429688
79,2013-04-26 00:00:00,44.446662902832
80,2013-04-29 00:00:00,45.8231010437012
81,2013-04-30 00:00:00,47.1718406677246
82,2013-05-01 00:00:00,46.8000373840332
83,2013-05-02 00:00:00,47.463752746582
84,2013-05-03 00:00:00,47.9389038085938
85,2013-05-06 00:00:00,49.08202743530271
86,2013-05-07 00:00:00,48.8636245727539
87,2013-05-08 00:00:00,49.4154930114746
88,2013-05-09 00:00:00,51.0102195739746
89,2013-05-10 00:00:00,50.585845947265604
90,2013-05-13 00:00:00,50.783519744873
91,2013-05-14 00:00:00,49.56848526000979
92,2013-05-15 00:00:00,47.8922271728516
93,2013-05-16 00:00:00,48.532135009765604
94,2013-05-17 00:00:00,48.384708404540994
95,2013-05-20 00:00:00,49.4646224975586
96,2013-05-21 00:00:00,49.099430084228494
97,2013-05-22 00:00:00,49.2881660461426
98,2013-05-23 00:00:00,49.3764038085938
99,2013-05-24 00:00:00,49.7125396728516
100,2013-05-28 00:00:00,49.298221588134794
101,2013-05-29 00:00:00,49.6902046203613
102,2013-05-30 00:00:00,50.4306106567383
103,2013-05-31 00:00:00,50.224025726318395
104,2013-06-03 00:00:00,50.3345832824707
105,2013-06-04 00:00:00,50.1771125793457
106,2013-06-05 00:00:00,49.708072662353494
107,2013-06-06 00:00:00,48.9654312133789
108,2013-06-07 00:00:00,49.3395500183105
109,2013-06-10 00:00:00,49.0134506225586
110,2013-06-11 00:00:00,48.86938858032229
111,2013-06-12 00:00:00,48.26522064208979
112,2013-06-13 00:00:00,48.6862297058105
113,2013-06-14 00:00:00,48.0262336730957
114,2013-06-17 00:00:00,48.2439994812012
115,2013-06-18 00:00:00,48.218318939209006
116,2013-06-19 00:00:00,47.2389106750488
117,2013-06-20 00:00:00,46.550998687744105
118,2013-06-21 00:00:00,46.1779937744141
119,2013-06-24 00:00:00,44.954036712646506
120,2013-06-25 00:00:00,44.9640769958496
121,2013-06-26 00:00:00,44.4548416137695
122,2013-06-27 00:00:00,43.97574615478521
123,2013-06-28 00:00:00,44.2828559875488
124,2013-07-01 00:00:00,45.700023651123
125,2013-07-02 00:00:00,46.735256195068395
126,2013-07-03 00:00:00,46.99324035644529
127,2013-07-05 00:00:00,46.6157646179199
128,2013-07-08 00:00:00,46.351100921630895
129,2013-07-09 00:00:00,47.1663208007812
130,2013-07-10 00:00:00,46.985416412353494
131,2013-07-11 00:00:00,47.718017578125
132,2013-07-12 00:00:00,47.63089752197271
133,2013-07-15 00:00:00,47.7347564697266
134,2013-07-16 00:00:00,48.0429878234863
135,2013-07-17 00:00:00,48.0552787780762
136,2013-07-18 00:00:00,48.2172050476074
137,2013-07-19 00:00:00,47.4566841125488
138,2013-07-22 00:00:00,47.60856628417971
139,2013-07-23 00:00:00,46.7911033630371
140,2013-07-24 00:00:00,49.194362640380895
141,2013-07-25 00:00:00,48.96988677978521
142,2013-07-26 00:00:00,49.2479667663574
143,2013-07-29 00:00:00,50.0073661804199
144,2013-07-30 00:00:00,50.6249389648438
145,2013-07-31 00:00:00,50.53670501708979
146,2013-08-01 00:00:00,51.0001564025879
147,2013-08-02 00:00:00,51.65458679199221
148,2013-08-05 00:00:00,52.42626953125
149,2013-08-06 00:00:00,51.9572143554688
150,2013-08-07 00:00:00,51.9270706176758
151,2013-08-08 00:00:00,53.9614067077637
152,2013-08-09 00:00:00,53.1935615539551
153,2013-08-12 00:00:00,54.7046890258789
154,2013-08-13 00:00:00,57.304370880127
155,2013-08-14 00:00:00,58.3496284484863
156,2013-08-15 00:00:00,58.280574798584006
157,2013-08-16 00:00:00,58.7979316711426
158,2013-08-19 00:00:00,59.431182861328104
159,2013-08-20 00:00:00,58.6504592895508
160,2013-08-21 00:00:00,58.8014450073242
161,2013-08-22 00:00:00,58.8716697692871
162,2013-08-23 00:00:00,58.644596099853494
163,2013-08-26 00:00:00,58.8728446960449
164,2013-08-27 00:00:00,57.189666748046896
165,2013-08-28 00:00:00,57.4600410461426
166,2013-08-29 00:00:00,57.55368423461911
167,2013-08-30 00:00:00,57.029300689697294
168,2013-09-03 00:00:00,57.1884841918945
169,2013-09-04 00:00:00,58.3718757629395
170,2013-09-05 00:00:00,57.9715461730957
171,2013-09-06 00:00:00,58.31684875488279
172,2013-09-09 00:00:00,59.2474174499512
173,2013-09-10 00:00:00,57.8978042602539
174,2013-09-11 00:00:00,54.7456398010254
175,2013-09-12 00:00:00,55.3285522460938
176,2013-09-13 00:00:00,54.4167366027832
177,2013-09-16 00:00:00,52.6867256164551
178,2013-09-17 00:00:00,53.2953910827637
179,2013-09-18 00:00:00,54.390983581543
180,2013-09-19 00:00:00,55.2829093933105
181,2013-09-20 00:00:00,54.7105369567871
182,2013-09-23 00:00:00,57.4296264648438
183,2013-09-24 00:00:00,57.249359130859396
184,2013-09-25 00:00:00,56.36328125
185,2013-09-26 00:00:00,56.9122428894043
186,2013-09-27 00:00:00,56.5060958862305
187,2013-09-30 00:00:00,55.8037910461426
188,2013-10-01 00:00:00,57.1159172058105
189,2013-10-02 00:00:00,57.30319595336911
190,2013-10-03 00:00:00,56.5833396911621
191,2013-10-04 00:00:00,56.5388603210449
192,2013-10-07 00:00:00,57.091335296630895
193,2013-10-08 00:00:00,56.294216156005895
194,2013-10-09 00:00:00,56.95556259155271
195,2013-10-10 00:00:00,57.312564849853494
196,2013-10-11 00:00:00,57.6836090087891
197,2013-10-14 00:00:00,58.0616874694824
198,2013-10-15 00:00:00,58.37070083618161
199,2013-10-16 00:00:00,58.6551399230957
200,2013-10-17 00:00:00,59.051937103271506
201,2013-10-18 00:00:00,59.565788269043
202,2013-10-21 00:00:00,61.0254096984863
203,2013-10-22 00:00:00,60.85099029541021
204,2013-10-23 00:00:00,61.4467849731445
205,2013-10-24 00:00:00,62.260284423828104
206,2013-10-25 00:00:00,61.563846588134794
207,2013-10-28 00:00:00,62.0226707458496
208,2013-10-29 00:00:00,60.4776077270508
209,2013-10-30 00:00:00,61.439769744873
210,2013-10-31 00:00:00,61.1822395324707
211,2013-11-01 00:00:00,60.8697395324707
212,2013-11-04 00:00:00,61.6563110351562
213,2013-11-05 00:00:00,61.504150390625
214,2013-11-06 00:00:00,63.5563163757324
215,2013-11-07 00:00:00,62.527793884277294
216,2013-11-08 00:00:00,63.5123901367188
217,2013-11-11 00:00:00,63.328151702880895
218,2013-11-12 00:00:00,63.445281982421896
219,2013-11-13 00:00:00,63.52095031738279
220,2013-11-14 00:00:00,64.43966674804689
221,2013-11-15 00:00:00,64.05288696289061
222,2013-11-18 00:00:00,63.2769241333008
223,2013-11-19 00:00:00,63.3891677856445
224,2013-11-20 00:00:00,62.83402252197271
225,2013-11-21 00:00:00,63.5831527709961
226,2013-11-22 00:00:00,63.4196701049805
227,2013-11-25 00:00:00,63.900360107421896
228,2013-11-26 00:00:00,65.0789642333984
229,2013-11-27 00:00:00,66.6113815307617
230,2013-11-29 00:00:00,67.84487915039061
231,2013-12-02 00:00:00,67.2543792724609
232,2013-12-03 00:00:00,69.095458984375
233,2013-12-04 00:00:00,68.9344100952148
234,2013-12-05 00:00:00,69.2882461547852
235,2013-12-06 00:00:00,68.32680511474611
236,2013-12-09 00:00:00,69.1088790893555
237,2013-12-10 00:00:00,69.00152587890621
238,2013-12-11 00:00:00,68.4902801513672
239,2013-12-12 00:00:00,68.390251159668
240,2013-12-13 00:00:00,67.64479827880861
241,2013-12-16 00:00:00,68.0193710327148
242,2013-12-17 00:00:00,67.7131271362305
243,2013-12-18 00:00:00,67.1982421875
244,2013-12-19 00:00:00,66.42837524414061
245,2013-12-20 00:00:00,66.9847259521484
246,2013-12-23 00:00:00,69.555419921875
247,2013-12-24 00:00:00,69.26016235351561
248,2013-12-26 00:00:00,68.80019378662111
249,2013-12-27 00:00:00,68.33535003662111
250,2013-12-30 00:00:00,67.6557693481445
251,2013-12-31 00:00:00,68.44882965087889
252,2014-01-02 00:00:00,67.48617553710939
253,2014-01-03 00:00:00,66.003776550293
254,2014-01-06 00:00:00,66.3637008666992
255,2014-01-07 00:00:00,65.8891143798828
256,2014-01-08 00:00:00,66.3063812255859
257,2014-01-09 00:00:00,65.4596405029297
258,2014-01-10 00:00:00,65.022834777832
259,2014-01-13 00:00:00,65.3632431030273
260,2014-01-14 00:00:00,66.6638565063477
261,2014-01-15 00:00:00,68.0022659301758
262,2014-01-16 00:00:00,67.6228179931641
263,2014-01-17 00:00:00,65.96596527099611
264,2014-01-21 00:00:00,66.99082183837889
265,2014-01-22 00:00:00,67.2885208129883
266,2014-01-23 00:00:00,67.8583145141602
267,2014-01-24 00:00:00,66.6248016357422
268,2014-01-27 00:00:00,67.16531372070311
269,2014-01-28 00:00:00,61.7969627380371
270,2014-01-29 00:00:00,61.0954170227051
271,2014-01-30 00:00:00,60.9770622253418
272,2014-01-31 00:00:00,61.07710266113279
273,2014-02-03 00:00:00,61.1905670166016
274,2014-02-04 00:00:00,62.0763626098633
275,2014-02-05 00:00:00,62.539981842040994
276,2014-02-06 00:00:00,65.2478713989258
277,2014-02-07 00:00:00,66.1606979370117
278,2014-02-10 00:00:00,67.34597015380861
279,2014-02-11 00:00:00,68.23329925537111
280,2014-02-12 00:00:00,68.2282333374023
281,2014-02-13 00:00:00,69.31162261962889
282,2014-02-14 00:00:00,69.2556228637695
283,2014-02-18 00:00:00,69.51023101806639
284,2014-02-19 00:00:00,68.41281890869139
285,2014-02-20 00:00:00,67.62094879150389
286,2014-02-21 00:00:00,66.86981201171879
287,2014-02-24 00:00:00,67.1626358032227
288,2014-02-25 00:00:00,66.4636917114258
289,2014-02-26 00:00:00,65.8640594482422
290,2014-02-27 00:00:00,67.1779098510742
291,2014-02-28 00:00:00,66.99582672119139
292,2014-03-03 00:00:00,67.1893692016602
293,2014-03-04 00:00:00,67.6323928833008
294,2014-03-05 00:00:00,67.77499389648439
295,2014-03-06 00:00:00,67.5700302124023
296,2014-03-07 00:00:00,67.53054809570311
297,2014-03-10 00:00:00,67.59165191650389
298,2014-03-11 00:00:00,68.24984741210939
299,2014-03-12 00:00:00,68.3160552978516
300,2014-03-13 00:00:00,67.5572891235352
301,2014-03-14 00:00:00,66.79852294921879
302,2014-03-17 00:00:00,67.05950927734379
303,2014-03-18 00:00:00,67.6527786254883
304,2014-03-19 00:00:00,67.6349639892578
305,2014-03-20 00:00:00,67.3090362548828
306,2014-03-21 00:00:00,67.83990478515621
307,2014-03-24 00:00:00,68.6445236206055
308,2014-03-25 00:00:00,69.3829193115234
309,2014-03-26 00:00:00,68.71962738037111
310,2014-03-27 00:00:00,68.4242630004883
311,2014-03-28 00:00:00,68.3478927612305
312,2014-03-31 00:00:00,68.3326034545898
313,2014-04-01 00:00:00,68.95770263671879
314,2014-04-02 00:00:00,69.07228851318361
315,2014-04-03 00:00:00,68.5936126708984
316,2014-04-04 00:00:00,67.7062606811523
317,2014-04-07 00:00:00,66.64321136474611
318,2014-04-08 00:00:00,66.63937377929689
319,2014-04-09 00:00:00,67.5152740478516
320,2014-04-10 00:00:00,66.6444778442383
321,2014-04-11 00:00:00,66.1517868041992
322,2014-04-14 00:00:00,66.4153213500977
323,2014-04-15 00:00:00,65.9417190551758
324,2014-04-16 00:00:00,66.0754013061523
325,2014-04-17 00:00:00,66.83034515380861
326,2014-04-21 00:00:00,67.6234893798828
327,2014-04-22 00:00:00,67.6909561157227
328,2014-04-23 00:00:00,66.8061599731445
329,2014-04-24 00:00:00,72.2830581665039
330,2014-04-25 00:00:00,72.8139266967773
331,2014-04-28 00:00:00,75.6338577270508
332,2014-04-29 00:00:00,75.409797668457
333,2014-04-30 00:00:00,75.124626159668
334,2014-05-01 00:00:00,75.3015823364258
335,2014-05-02 00:00:00,75.4416275024414
336,2014-05-05 00:00:00,76.50848388671879
337,2014-05-06 00:00:00,75.6746063232422
338,2014-05-07 00:00:00,75.409797668457
339,2014-05-08 00:00:00,77.88548278808591
340,2014-05-09 00:00:00,77.5609588623047
341,2014-05-12 00:00:00,78.5265884399414
342,2014-05-13 00:00:00,78.649787902832
343,2014-05-14 00:00:00,78.6643447875977
344,2014-05-15 00:00:00,77.9954376220703
345,2014-05-16 00:00:00,79.1465148925781
346,2014-05-19 00:00:00,80.0843200683594
347,2014-05-20 00:00:00,80.100212097168
348,2014-05-21 00:00:00,80.3121643066406
349,2014-05-22 00:00:00,80.4393310546875
350,2014-05-23 00:00:00,81.3479995727539
351,2014-05-27 00:00:00,82.8713150024414
352,2014-05-28 00:00:00,82.6567306518555
353,2014-05-29 00:00:00,84.1627960205078
354,2014-05-30 00:00:00,83.8475341796875
355,2014-06-02 00:00:00,83.2713394165039
356,2014-06-03 00:00:00,84.44891357421879
357,2014-06-04 00:00:00,85.4132080078125
358,2014-06-05 00:00:00,85.7483367919922
359,2014-06-06 00:00:00,85.512580871582
360,2014-06-09 00:00:00,86.8808822631836
361,2014-06-10 00:00:00,87.3908538818359
362,2014-06-11 00:00:00,87.0292510986328
363,2014-06-12 00:00:00,85.5734939575195
364,2014-06-13 00:00:00,84.6369857788086
365,2014-06-16 00:00:00,85.4900436401367
366,2014-06-17 00:00:00,85.378776550293
367,2014-06-18 00:00:00,85.4715118408203
368,2014-06-19 00:00:00,85.1747970581055
369,2014-06-20 00:00:00,84.29393005371091
370,2014-06-23 00:00:00,84.2197494506836
371,2014-06-24 00:00:00,83.7098007202148
372,2014-06-25 00:00:00,83.783935546875
373,2014-06-26 00:00:00,84.2846755981445
374,2014-06-27 00:00:00,85.2860565185547
375,2014-06-30 00:00:00,86.1669387817383
376,2014-07-01 00:00:00,86.71398162841801
377,2014-07-02 00:00:00,86.67688751220699
378,2014-07-03 00:00:00,87.1868743896484
379,2014-07-07 00:00:00,88.98568725585942
380,2014-07-08 00:00:00,88.4108047485352
381,2014-07-09 00:00:00,88.4478912353516
382,2014-07-10 00:00:00,88.1233596801758
383,2014-07-11 00:00:00,88.2902603149414
384,2014-07-14 00:00:00,89.4307479858398
385,2014-07-15 00:00:00,88.3830032348633
386,2014-07-16 00:00:00,87.88229370117192
387,2014-07-17 00:00:00,86.31527709960942
388,2014-07-18 00:00:00,87.5577545166016
389,2014-07-21 00:00:00,87.1034393310547
390,2014-07-22 00:00:00,87.82665252685551
391,2014-07-23 00:00:00,90.1168899536133
392,2014-07-24 00:00:00,89.9685440063477
393,2014-07-25 00:00:00,90.5619583129883
394,2014-07-28 00:00:00,91.81371307373051
395,2014-07-29 00:00:00,91.2202987670898
396,2014-07-30 00:00:00,91.00701904296879
397,2014-07-31 00:00:00,88.64260864257808
398,2014-08-01 00:00:00,89.134033203125
399,2014-08-04 00:00:00,88.63333129882808
400,2014-08-05 00:00:00,88.19754028320308
401,2014-08-06 00:00:00,88.04920196533199
402,2014-08-07 00:00:00,88.0398712158203
403,2014-08-08 00:00:00,88.28213500976558
404,2014-08-11 00:00:00,89.4469528198242
405,2014-08-12 00:00:00,89.42831420898442
406,2014-08-13 00:00:00,90.6117401123047
407,2014-08-14 00:00:00,90.85400390625
408,2014-08-15 00:00:00,91.3013076782227
409,2014-08-18 00:00:00,92.40087127685551
410,2014-08-19 00:00:00,93.6774749755859
411,2014-08-20 00:00:00,93.7147598266602
412,2014-08-21 00:00:00,93.7240676879883
413,2014-08-22 00:00:00,94.41363525390621
414,2014-08-25 00:00:00,94.6186370849609
415,2014-08-26 00:00:00,94.012939453125
416,2014-08-27 00:00:00,95.1684112548828
417,2014-08-28 00:00:00,95.2802505493164
418,2014-08-29 00:00:00,95.51317596435551
419,2014-09-02 00:00:00,96.25865936279301
420,2014-09-03 00:00:00,92.1958541870117
421,2014-09-04 00:00:00,91.43175506591801
422,2014-09-05 00:00:00,92.2238082885742
423,2014-09-08 00:00:00,91.6553955078125
424,2014-09-09 00:00:00,91.3106155395508
425,2014-09-10 00:00:00,94.11544799804692
426,2014-09-11 00:00:00,94.5161285400391
427,2014-09-12 00:00:00,94.73046112060551
428,2014-09-15 00:00:00,94.7024765014648
429,2014-09-16 00:00:00,93.98497772216801
430,2014-09-17 00:00:00,94.6559219360352
431,2014-09-18 00:00:00,94.8516006469727
432,2014-09-19 00:00:00,94.0781707763672
433,2014-09-22 00:00:00,94.1713485717773
434,2014-09-23 00:00:00,95.6436538696289
435,2014-09-24 00:00:00,94.8143157958984
436,2014-09-25 00:00:00,91.1988143920898
437,2014-09-26 00:00:00,93.8824691772461
438,2014-09-29 00:00:00,93.2860870361328
439,2014-09-30 00:00:00,93.8824691772461
440,2014-10-01 00:00:00,92.4195098876953
441,2014-10-02 00:00:00,93.0904159545898
442,2014-10-03 00:00:00,92.8295135498047
443,2014-10-06 00:00:00,92.8295135498047
444,2014-10-07 00:00:00,92.01880645751949
445,2014-10-08 00:00:00,93.9290924072266
446,2014-10-09 00:00:00,94.13406372070308
447,2014-10-10 00:00:00,93.86383056640621
448,2014-10-13 00:00:00,93.00656127929692
449,2014-10-14 00:00:00,92.01880645751949
450,2014-10-15 00:00:00,90.8912734985352
451,2014-10-16 00:00:00,89.6985244750977
452,2014-10-17 00:00:00,91.01242065429692
453,2014-10-20 00:00:00,92.95996856689449
454,2014-10-21 00:00:00,95.4852523803711
455,2014-10-22 00:00:00,95.9698028564453
456,2014-10-23 00:00:00,97.6843795776367
457,2014-10-24 00:00:00,98.0477981567383
458,2014-10-27 00:00:00,97.9452896118164
459,2014-10-28 00:00:00,99.46417236328121
460,2014-10-29 00:00:00,100.02328491210899
461,2014-10-30 00:00:00,99.68783569335942
462,2014-10-31 00:00:00,100.638282775879
463,2014-11-03 00:00:00,101.94286346435499
464,2014-11-04 00:00:00,101.197387695312
465,2014-11-05 00:00:00,101.439666748047
466,2014-11-06 00:00:00,101.729789733887
467,2014-11-07 00:00:00,102.019912719727
468,2014-11-10 00:00:00,101.851455688477
469,2014-11-11 00:00:00,102.665672302246
470,2014-11-12 00:00:00,104.11629486084
471,2014-11-13 00:00:00,105.585594177246
472,2014-11-14 00:00:00,106.85839080810499
473,2014-11-17 00:00:00,106.68057250976601
474,2014-11-18 00:00:00,108.065673828125
475,2014-11-19 00:00:00,107.31697082519501
476,2014-11-20 00:00:00,108.851806640625
477,2014-11-21 00:00:00,109.00155639648399
478,2014-11-24 00:00:00,111.02306365966801
479,2014-11-25 00:00:00,110.059097290039
480,2014-11-26 00:00:00,111.369316101074
481,2014-11-28 00:00:00,111.30380249023399
482,2014-12-01 00:00:00,107.69132995605499
483,2014-12-02 00:00:00,107.279541015625
484,2014-12-03 00:00:00,108.496192932129
485,2014-12-04 00:00:00,108.08438873291
486,2014-12-05 00:00:00,107.625816345215
487,2014-12-08 00:00:00,105.19253540039101
488,2014-12-09 00:00:00,106.80224609375
489,2014-12-10 00:00:00,104.77140808105499
490,2014-12-11 00:00:00,104.462562561035
491,2014-12-12 00:00:00,102.693748474121
492,2014-12-15 00:00:00,101.289939880371
493,2014-12-16 00:00:00,99.9048233032227
494,2014-12-17 00:00:00,102.394248962402
495,2014-12-18 00:00:00,105.426498413086
496,2014-12-19 00:00:00,104.612289428711
497,2014-12-22 00:00:00,105.69790649414101
498,2014-12-23 00:00:00,105.32356262207001
499,2014-12-24 00:00:00,104.82755279541
500,2014-12-26 00:00:00,106.68057250976601
501,2014-12-29 00:00:00,106.60572052002001
502,2014-12-30 00:00:00,105.30484008789101
503,2014-12-31 00:00:00,103.30206298828101
504,2015-01-02 00:00:00,102.31939697265601
505,2015-01-05 00:00:00,99.4368896484375
506,2015-01-06 00:00:00,99.4462509155273
507,2015-01-07 00:00:00,100.840713500977
508,2015-01-08 00:00:00,104.71525573730499
509,2015-01-09 00:00:00,104.82755279541
510,2015-01-12 00:00:00,102.244522094727
511,2015-01-13 00:00:00,103.152313232422
512,2015-01-14 00:00:00,102.759262084961
513,2015-01-15 00:00:00,99.9703369140625
514,2015-01-16 00:00:00,99.1935577392578
515,2015-01-20 00:00:00,101.74851226806601
516,2015-01-21 00:00:00,102.525291442871
517,2015-01-22 00:00:00,105.19253540039101
518,2015-01-23 00:00:00,105.73534393310499
519,2015-01-26 00:00:00,105.84764862060499
520,2015-01-27 00:00:00,102.141586303711
521,2015-01-28 00:00:00,107.91593170166
522,2015-01-29 00:00:00,111.275741577148
523,2015-01-30 00:00:00,109.647323608398
524,2015-02-02 00:00:00,111.02306365966801
525,2015-02-03 00:00:00,111.04177093505899
526,2015-02-04 00:00:00,111.89340209960899
527,2015-02-05 00:00:00,112.69204711914101
528,2015-02-06 00:00:00,111.74308776855499
529,2015-02-09 00:00:00,112.4853515625
530,2015-02-10 00:00:00,114.64635467529301
531,2015-02-11 00:00:00,117.333511352539
532,2015-02-12 00:00:00,118.81803894042999
533,2015-02-13 00:00:00,119.400588989258
534,2015-02-17 00:00:00,120.105262756348
535,2015-02-18 00:00:00,120.94149017334
536,2015-02-19 00:00:00,120.687782287598
537,2015-02-20 00:00:00,121.67432403564501
538,2015-02-23 00:00:00,124.96282958984399
539,2015-02-24 00:00:00,124.18297576904301
540,2015-02-25 00:00:00,121.00723266601601
541,2015-02-26 00:00:00,122.538734436035
542,2015-02-27 00:00:00,120.69718170166
543,2015-03-02 00:00:00,121.289131164551
544,2015-03-03 00:00:00,121.54280090332001
545,2015-03-04 00:00:00,120.77234649658199
546,2015-03-05 00:00:00,118.77108001709
547,2015-03-06 00:00:00,118.949584960938
548,2015-03-09 00:00:00,119.45697021484399
549,2015-03-10 00:00:00,116.985885620117
550,2015-03-11 00:00:00,114.853057861328
551,2015-03-12 00:00:00,116.929496765137
552,2015-03-13 00:00:00,116.121482849121
553,2015-03-16 00:00:00,117.39928436279301
554,2015-03-17 00:00:00,119.362991333008
555,2015-03-18 00:00:00,120.706596374512
556,2015-03-19 00:00:00,119.795204162598
557,2015-03-20 00:00:00,118.291885375977
558,2015-03-23 00:00:00,119.522735595703
559,2015-03-24 00:00:00,119.03415679931601
560,2015-03-25 00:00:00,115.92416381835899
561,2015-03-26 00:00:00,116.73220062255899
562,2015-03-27 00:00:00,115.802032470703
563,2015-03-30 00:00:00,118.733505249023
564,2015-03-31 00:00:00,116.91070556640601
565,2015-04-01 00:00:00,116.741592407227
566,2015-04-02 00:00:00,117.746932983398
567,2015-04-06 00:00:00,119.654258728027
568,2015-04-07 00:00:00,118.395248413086
569,2015-04-08 00:00:00,118.010009765625
570,2015-04-09 00:00:00,118.912002563477
571,2015-04-10 00:00:00,119.41937255859399
572,2015-04-13 00:00:00,119.18448638916
573,2015-04-14 00:00:00,118.667724609375
574,2015-04-15 00:00:00,119.11871337890601
575,2015-04-16 00:00:00,118.545570373535
576,2015-04-17 00:00:00,117.211380004883
577,2015-04-20 00:00:00,119.88915252685499
578,2015-04-21 00:00:00,119.240867614746
579,2015-04-22 00:00:00,120.847511291504
580,2015-04-23 00:00:00,121.83407592773399
581,2015-04-24 00:00:00,122.40720367431601
582,2015-04-27 00:00:00,124.633964538574
583,2015-04-28 00:00:00,122.67029571533199
584,2015-04-29 00:00:00,120.866317749023
585,2015-04-30 00:00:00,117.587211608887
586,2015-05-01 00:00:00,121.15758514404301
587,2015-05-04 00:00:00,120.92268371582001
588,2015-05-05 00:00:00,118.197944641113
589,2015-05-06 00:00:00,117.455665588379
590,2015-05-07 00:00:00,118.182167053223
591,2015-05-08 00:00:00,120.40882110595699
592,2015-05-11 00:00:00,119.18225860595699
593,2015-05-12 00:00:00,118.757690429688
594,2015-05-13 00:00:00,118.889785766602
595,2015-05-14 00:00:00,121.66365814209
596,2015-05-15 00:00:00,121.49383544921899
597,2015-05-18 00:00:00,122.833602905273
598,2015-05-19 00:00:00,122.72038269042999
599,2015-05-20 00:00:00,122.71092987060499
600,2015-05-21 00:00:00,123.965789794922
601,2015-05-22 00:00:00,125.050819396973
602,2015-05-26 00:00:00,122.295799255371
603,2015-05-27 00:00:00,124.579063415527
604,2015-05-28 00:00:00,124.333740234375
605,2015-05-29 00:00:00,122.918510437012
606,2015-06-01 00:00:00,123.16381072997999
607,2015-06-02 00:00:00,122.616600036621
608,2015-06-03 00:00:00,122.767539978027
609,2015-06-04 00:00:00,122.050491333008
610,2015-06-05 00:00:00,121.380615234375
611,2015-06-08 00:00:00,120.578628540039
612,2015-06-09 00:00:00,120.220108032227
613,2015-06-10 00:00:00,121.597625732422
614,2015-06-11 00:00:00,121.324005126953
615,2015-06-12 00:00:00,119.984237670898
616,2015-06-15 00:00:00,119.74836730957001
617,2015-06-16 00:00:00,120.389938354492
618,2015-06-17 00:00:00,120.106895446777
619,2015-06-18 00:00:00,120.654121398926
620,2015-06-19 00:00:00,119.44644165039101
621,2015-06-22 00:00:00,120.399375915527
622,2015-06-23 00:00:00,119.852149963379
623,2015-06-24 00:00:00,120.871131896973
624,2015-06-25 00:00:00,120.29559326171899
625,2015-06-26 00:00:00,119.58797454834
626,2015-06-29 00:00:00,117.493423461914
627,2015-06-30 00:00:00,118.342559814453
628,2015-07-01 00:00:00,119.44644165039101
629,2015-07-02 00:00:00,119.29548645019501
630,2015-07-06 00:00:00,118.880355834961
631,2015-07-07 00:00:00,118.58786773681601
632,2015-07-08 00:00:00,115.644165039062
633,2015-07-09 00:00:00,113.285415649414
634,2015-07-10 00:00:00,116.31404113769501
635,2015-07-13 00:00:00,118.55956268310499
636,2015-07-14 00:00:00,118.512382507324
637,2015-07-15 00:00:00,119.654014587402
638,2015-07-16 00:00:00,121.24852752685499
639,2015-07-17 00:00:00,122.295799255371
640,2015-07-20 00:00:00,124.607368469238
641,2015-07-21 00:00:00,123.361961364746
642,2015-07-22 00:00:00,118.144432067871
643,2015-07-23 00:00:00,118.08780670166
644,2015-07-24 00:00:00,117.46509552002001
645,2015-07-27 00:00:00,115.832847595215
646,2015-07-28 00:00:00,116.408378601074
647,2015-07-29 00:00:00,116.040428161621
648,2015-07-30 00:00:00,115.455459594727
649,2015-07-31 00:00:00,114.445922851562
650,2015-08-03 00:00:00,111.747543334961
651,2015-08-04 00:00:00,108.162246704102
652,2015-08-05 00:00:00,108.87930297851601
653,2015-08-06 00:00:00,109.11623382568399
654,2015-08-07 00:00:00,109.485870361328
655,2015-08-10 00:00:00,113.466499328613
656,2015-08-11 00:00:00,107.561904907227
657,2015-08-12 00:00:00,109.220497131348
658,2015-08-13 00:00:00,109.13519287109399
659,2015-08-14 00:00:00,109.90289306640601
660,2015-08-17 00:00:00,111.040214538574
661,2015-08-18 00:00:00,110.41468048095699
662,2015-08-19 00:00:00,109.00251770019501
663,2015-08-20 00:00:00,106.76579284667999
664,2015-08-21 00:00:00,100.23568725585899
665,2015-08-24 00:00:00,97.7335968017578
666,2015-08-25 00:00:00,98.3212051391602
667,2015-08-26 00:00:00,103.960411071777
668,2015-08-27 00:00:00,107.021690368652
669,2015-08-28 00:00:00,107.372367858887
670,2015-08-31 00:00:00,106.870048522949
671,2015-09-01 00:00:00,102.093315124512
672,2015-09-02 00:00:00,106.47198486328101
673,2015-09-03 00:00:00,104.604881286621
674,2015-09-04 00:00:00,103.56233215332001
675,2015-09-08 00:00:00,106.443550109863
676,2015-09-09 00:00:00,104.39636993408199
677,2015-09-10 00:00:00,106.68996429443399
678,2015-09-11 00:00:00,108.244316101074
679,2015-09-14 00:00:00,109.286827087402
680,2015-09-15 00:00:00,110.20616912841801
681,2015-09-16 00:00:00,110.329376220703
682,2015-09-17 00:00:00,107.969444274902
683,2015-09-18 00:00:00,107.52400207519501
684,2015-09-21 00:00:00,109.19206237792999
685,2015-09-22 00:00:00,107.476608276367
686,2015-09-23 00:00:00,108.34855651855499
687,2015-09-24 00:00:00,108.993041992188
688,2015-09-25 00:00:00,108.71817779541
689,2015-09-28 00:00:00,106.566749572754
690,2015-09-29 00:00:00,103.363311767578
691,2015-09-30 00:00:00,104.53855133056601
692,2015-10-01 00:00:00,103.856147766113
693,2015-10-02 00:00:00,104.614356994629
694,2015-10-05 00:00:00,104.99346923828101
695,2015-10-06 00:00:00,105.495780944824
696,2015-10-07 00:00:00,104.99346923828101
697,2015-10-08 00:00:00,103.780326843262
698,2015-10-09 00:00:00,106.263465881348
699,2015-10-12 00:00:00,105.770629882812
700,2015-10-13 00:00:00,105.950698852539
701,2015-10-14 00:00:00,104.453231811523
702,2015-10-15 00:00:00,106.017059326172
703,2015-10-16 00:00:00,105.239891052246
704,2015-10-19 00:00:00,105.893852233887
705,2015-10-20 00:00:00,107.827285766602
706,2015-10-21 00:00:00,107.817802429199
707,2015-10-22 00:00:00,109.466918945312
708,2015-10-23 00:00:00,112.859916687012
709,2015-10-26 00:00:00,109.25841522216801
710,2015-10-27 00:00:00,108.566543579102
711,2015-10-28 00:00:00,113.039985656738
712,2015-10-29 00:00:00,114.234176635742
713,2015-10-30 00:00:00,113.25798034667999
714,2015-11-02 00:00:00,114.85022735595699
715,2015-11-03 00:00:00,116.16761016845699
716,2015-11-04 00:00:00,115.627395629883
717,2015-11-05 00:00:00,115.09436798095699
718,2015-11-06 00:00:00,115.22762298584
719,2015-11-09 00:00:00,114.76123809814501
720,2015-11-10 00:00:00,111.144302368164
721,2015-11-11 00:00:00,110.51611328125
722,2015-11-12 00:00:00,110.14488983154301
723,2015-11-13 00:00:00,106.927734375
724,2015-11-16 00:00:00,108.67908477783199
725,2015-11-17 00:00:00,108.212699890137
726,2015-11-18 00:00:00,111.63923645019501
727,2015-11-19 00:00:00,113.05744934082001
728,2015-11-20 00:00:00,113.55241394042999
729,2015-11-23 00:00:00,112.07708740234399
730,2015-11-24 00:00:00,113.15264892578101
731,2015-11-25 00:00:00,112.343605041504
732,2015-11-27 00:00:00,112.134208679199
733,2015-11-30 00:00:00,112.60059356689501
734,2015-12-01 00:00:00,111.686836242676
735,2015-12-02 00:00:00,110.677909851074
736,2015-12-03 00:00:00,109.649940490723
737,2015-12-04 00:00:00,113.29541015625
738,2015-12-07 00:00:00,112.581558227539
739,2015-12-08 00:00:00,112.533966064453
740,2015-12-09 00:00:00,110.049705505371
741,2015-12-10 00:00:00,110.573204040527
742,2015-12-11 00:00:00,107.72727203369101
743,2015-12-14 00:00:00,107.060997009277
744,2015-12-15 00:00:00,105.166854858398
745,2015-12-16 00:00:00,105.975898742676
746,2015-12-17 00:00:00,103.72960662841801
747,2015-12-18 00:00:00,100.921737670898
748,2015-12-21 00:00:00,102.159111022949
749,2015-12-22 00:00:00,102.063919067383
750,2015-12-23 00:00:00,103.37743377685499
751,2015-12-24 00:00:00,102.82537841796899
752,2015-12-28 00:00:00,101.673683166504
753,2015-12-29 00:00:00,103.50115966796899
754,2015-12-30 00:00:00,102.149589538574
755,2015-12-31 00:00:00,100.18883514404301
756,2016-01-04 00:00:00,100.274513244629
757,2016-01-05 00:00:00,97.7616806030273
758,2016-01-06 00:00:00,95.8485107421875
759,2016-01-07 00:00:00,91.8032760620117
760,2016-01-08 00:00:00,92.2886962890625
761,2016-01-11 00:00:00,93.78307342529301
762,2016-01-12 00:00:00,95.1441650390625
763,2016-01-13 00:00:00,92.69799041748051
764,2016-01-14 00:00:00,94.72537231445308
765,2016-01-15 00:00:00,92.4505157470703
766,2016-01-19 00:00:00,92.00316619873051
767,2016-01-20 00:00:00,92.1268997192383
768,2016-01-21 00:00:00,91.6604995727539
769,2016-01-22 00:00:00,96.5338363647461
770,2016-01-25 00:00:00,94.6492385864258
771,2016-01-26 00:00:00,95.1727294921875
772,2016-01-27 00:00:00,88.91925048828121
773,2016-01-28 00:00:00,89.55697631835942
774,2016-01-29 00:00:00,92.650390625
775,2016-02-01 00:00:00,91.78424072265621
776,2016-02-02 00:00:00,89.92819213867192
777,2016-02-03 00:00:00,91.70809936523442
778,2016-02-04 00:00:00,92.4449691772461
779,2016-02-05 00:00:00,89.9759292602539
780,2016-02-08 00:00:00,90.9233551025391
781,2016-02-09 00:00:00,90.9042129516602
782,2016-02-10 00:00:00,90.2151870727539
783,2016-02-11 00:00:00,89.6697158813477
784,2016-02-12 00:00:00,89.9472427368164
785,2016-02-16 00:00:00,92.48324584960942
786,2016-02-17 00:00:00,93.89959716796879
787,2016-02-18 00:00:00,92.1196060180664
788,2016-02-19 00:00:00,91.90904998779301
789,2016-02-22 00:00:00,92.71292114257808
790,2016-02-23 00:00:00,90.6171340942383
791,2016-02-24 00:00:00,91.9664688110352
792,2016-02-25 00:00:00,92.5980987548828
793,2016-02-26 00:00:00,92.74163818359379
794,2016-02-29 00:00:00,92.5311126708984
795,2016-03-01 00:00:00,96.20592498779301
796,2016-03-02 00:00:00,96.4164657592773
797,2016-03-03 00:00:00,97.1342086791992
798,2016-03-04 00:00:00,98.5792694091797
799,2016-03-07 00:00:00,97.4883041381836
800,2016-03-08 00:00:00,96.6844100952148
801,2016-03-09 00:00:00,96.7705535888672
802,2016-03-10 00:00:00,96.81838989257808
803,2016-03-11 00:00:00,97.8615264892578
804,2016-03-14 00:00:00,98.1103286743164
805,2016-03-15 00:00:00,100.08172607421899
806,2016-03-16 00:00:00,101.41195678710899
807,2016-03-17 00:00:00,101.24925994872999
808,2016-03-18 00:00:00,101.364082336426
809,2016-03-21 00:00:00,101.35451507568399
810,2016-03-22 00:00:00,102.129684448242
811,2016-03-23 00:00:00,101.56505584716801
812,2016-03-24 00:00:00,101.124839782715
813,2016-03-28 00:00:00,100.665496826172
814,2016-03-29 00:00:00,103.048385620117
815,2016-03-30 00:00:00,104.84752655029301
816,2016-03-31 00:00:00,104.302032470703
817,2016-04-01 00:00:00,105.259033203125
818,2016-04-04 00:00:00,106.34044647216801
819,2016-04-05 00:00:00,105.086776733398
820,2016-04-06 00:00:00,106.187309265137
821,2016-04-07 00:00:00,103.87139892578101
822,2016-04-08 00:00:00,103.98623657226601
823,2016-04-11 00:00:00,104.33073425292999
824,2016-04-12 00:00:00,105.68967437744101
825,2016-04-13 00:00:00,107.220863342285
826,2016-04-14 00:00:00,107.278266906738
827,2016-04-15 00:00:00,105.125053405762
828,2016-04-18 00:00:00,102.85699462890601
829,2016-04-19 00:00:00,102.31150054931601
830,2016-04-20 00:00:00,102.52204895019501
831,2016-04-21 00:00:00,101.41195678710899
832,2016-04-22 00:00:00,101.134422302246
833,2016-04-25 00:00:00,100.560218811035
834,2016-04-26 00:00:00,99.8616104125977
835,2016-04-27 00:00:00,93.6125030517578
836,2016-04-28 00:00:00,90.75110626220699
837,2016-04-29 00:00:00,89.7079849243164
838,2016-05-02 00:00:00,89.6122817993164
839,2016-05-03 00:00:00,91.0860443115234
840,2016-05-04 00:00:00,90.1386260986328
841,2016-05-05 00:00:00,89.7727508544922
842,2016-05-06 00:00:00,89.2720947265625
843,2016-05-09 00:00:00,89.3395004272461
844,2016-05-10 00:00:00,89.9460678100586
845,2016-05-11 00:00:00,89.0699081420898
846,2016-05-12 00:00:00,86.9805908203125
847,2016-05-13 00:00:00,87.1539077758789
848,2016-05-16 00:00:00,90.3889617919922
849,2016-05-17 00:00:00,90.0134735107422
850,2016-05-18 00:00:00,91.0436859130859
851,2016-05-19 00:00:00,90.6970596313477
852,2016-05-20 00:00:00,91.6791305541992
853,2016-05-23 00:00:00,92.84412384033199
854,2016-05-24 00:00:00,94.2594680786133
855,2016-05-25 00:00:00,95.9155044555664
856,2016-05-26 00:00:00,96.6761322021484
857,2016-05-27 00:00:00,96.6183547973633
858,2016-05-31 00:00:00,96.14659881591801
859,2016-06-01 00:00:00,94.7986526489258
860,2016-06-02 00:00:00,94.086181640625
861,2016-06-03 00:00:00,94.2787246704102
862,2016-06-06 00:00:00,94.9623184204102
863,2016-06-07 00:00:00,95.3474502563477
864,2016-06-08 00:00:00,95.26080322265621
865,2016-06-09 00:00:00,95.94439697265621
866,2016-06-10 00:00:00,95.1549072265625
867,2016-06-13 00:00:00,93.72030639648442
868,2016-06-14 00:00:00,93.83582305908199
869,2016-06-15 00:00:00,93.5277252197266
870,2016-06-16 00:00:00,93.9224853515625
871,2016-06-17 00:00:00,91.78504180908199
872,2016-06-20 00:00:00,91.5635986328125
873,2016-06-21 00:00:00,92.34347534179692
874,2016-06-22 00:00:00,91.9968719482422
875,2016-06-23 00:00:00,92.5264053344727
876,2016-06-24 00:00:00,89.92681884765621
877,2016-06-27 00:00:00,88.6173782348633
878,2016-06-28 00:00:00,90.10974884033199
879,2016-06-29 00:00:00,90.8896331787109
880,2016-06-30 00:00:00,92.0450057983398
881,2016-07-01 00:00:00,92.32421875
882,2016-07-05 00:00:00,91.4576797485352
883,2016-07-06 00:00:00,91.9776153564453
884,2016-07-07 00:00:00,92.3723678588867
885,2016-07-08 00:00:00,93.08484649658199
886,2016-07-11 00:00:00,93.37368774414058
887,2016-07-12 00:00:00,93.7973175048828
888,2016-07-13 00:00:00,93.2677688598633
889,2016-07-14 00:00:00,95.1163787841797
890,2016-07-15 00:00:00,95.1067428588867
891,2016-07-18 00:00:00,96.1177139282227
892,2016-07-19 00:00:00,96.15621948242192
893,2016-07-20 00:00:00,96.2428665161133
894,2016-07-21 00:00:00,95.7325820922852
895,2016-07-22 00:00:00,94.9912109375
896,2016-07-25 00:00:00,93.72030639648442
897,2016-07-26 00:00:00,93.0752105712891
898,2016-07-27 00:00:00,99.12167358398442
899,2016-07-28 00:00:00,100.459991455078
900,2016-07-29 00:00:00,100.334823608398
901,2016-08-01 00:00:00,102.106414794922
902,2016-08-02 00:00:00,100.59478759765601
903,2016-08-03 00:00:00,101.85607147216801
904,2016-08-04 00:00:00,102.485298156738
905,2016-08-05 00:00:00,104.043823242188
906,2016-08-08 00:00:00,104.90536499023399
907,2016-08-09 00:00:00,105.33129119872999
908,2016-08-10 00:00:00,104.547203063965
909,2016-08-11 00:00:00,104.479438781738
910,2016-08-12 00:00:00,104.721435546875
911,2016-08-15 00:00:00,105.97988891601601
912,2016-08-16 00:00:00,105.88307952880899
913,2016-08-17 00:00:00,105.72819519042999
914,2016-08-18 00:00:00,105.592674255371
915,2016-08-19 00:00:00,105.863716125488
916,2016-08-22 00:00:00,105.04090118408199
917,2016-08-23 00:00:00,105.37003326416
918,2016-08-24 00:00:00,104.576240539551
919,2016-08-25 00:00:00,104.13095092773399
920,2016-08-26 00:00:00,103.52108764648399
921,2016-08-29 00:00:00,103.404922485352
922,2016-08-30 00:00:00,102.611137390137
923,2016-08-31 00:00:00,102.707939147949
924,2016-09-01 00:00:00,103.31779479980499
925,2016-09-02 00:00:00,104.285842895508
926,2016-09-06 00:00:00,104.256782531738
927,2016-09-07 00:00:00,104.895683288574
928,2016-09-08 00:00:00,102.14647674560499
929,2016-09-09 00:00:00,99.83289337158199
930,2016-09-12 00:00:00,102.069046020508
931,2016-09-13 00:00:00,104.498794555664
932,2016-09-14 00:00:00,108.19666290283199
933,2016-09-15 00:00:00,111.875175476074
934,2016-09-16 00:00:00,111.245971679688
935,2016-09-19 00:00:00,109.94880676269501
936,2016-09-20 00:00:00,109.939125061035
937,2016-09-21 00:00:00,109.919761657715
938,2016-09-22 00:00:00,110.95555877685499
939,2016-09-23 00:00:00,109.10661315917999
940,2016-09-26 00:00:00,109.271186828613
941,2016-09-27 00:00:00,109.47445678710899
942,2016-09-28 00:00:00,110.30697631835899
943,2016-09-29 00:00:00,108.593559265137
944,2016-09-30 00:00:00,109.435752868652
945,2016-10-03 00:00:00,108.92268371582001
946,2016-10-04 00:00:00,109.387351989746
947,2016-10-05 00:00:00,109.435752868652
948,2016-10-06 00:00:00,110.248878479004
949,2016-10-07 00:00:00,110.41344451904301
950,2016-10-10 00:00:00,112.33983612060499
951,2016-10-11 00:00:00,112.581855773926
952,2016-10-12 00:00:00,113.588592529297
953,2016-10-13 00:00:00,113.240112304688
954,2016-10-14 00:00:00,113.86932373046899
955,2016-10-17 00:00:00,113.791885375977
956,2016-10-18 00:00:00,113.71443939209
957,2016-10-19 00:00:00,113.375625610352
958,2016-10-20 00:00:00,113.317543029785
959,2016-10-21 00:00:00,112.872245788574
960,2016-10-24 00:00:00,113.88867950439501
961,2016-10-25 00:00:00,114.469497680664
962,2016-10-26 00:00:00,111.89453125
963,2016-10-27 00:00:00,110.820037841797
964,2016-10-28 00:00:00,110.08432006835899
965,2016-10-31 00:00:00,109.91007995605499
966,2016-11-01 00:00:00,107.925621032715
967,2016-11-02 00:00:00,108.022415161133
968,2016-11-03 00:00:00,106.86456298828101
969,2016-11-04 00:00:00,105.90128326416
970,2016-11-07 00:00:00,107.42889404296899
971,2016-11-08 00:00:00,108.061332702637
972,2016-11-09 00:00:00,107.88620758056601
973,2016-11-10 00:00:00,104.879638671875
974,2016-11-11 00:00:00,105.50234985351601
975,2016-11-14 00:00:00,102.85580444335899
976,2016-11-15 00:00:00,104.218002319336
977,2016-11-16 00:00:00,107.020233154297
978,2016-11-17 00:00:00,106.98131561279301
979,2016-11-18 00:00:00,107.088348388672
980,2016-11-21 00:00:00,108.71326446533199
981,2016-11-22 00:00:00,108.781372070312
982,2016-11-23 00:00:00,108.226760864258
983,2016-11-25 00:00:00,108.771629333496
984,2016-11-28 00:00:00,108.557579040527
985,2016-11-29 00:00:00,108.450546264648
986,2016-11-30 00:00:00,107.535919189453
987,2016-12-01 00:00:00,106.533737182617
988,2016-12-02 00:00:00,106.93267822265601
989,2016-12-05 00:00:00,106.163993835449
990,2016-12-06 00:00:00,106.98131561279301
991,2016-12-07 00:00:00,108.03215026855499
992,2016-12-08 00:00:00,109.092727661133
993,2016-12-09 00:00:00,110.873321533203
994,2016-12-12 00:00:00,110.240867614746
995,2016-12-13 00:00:00,112.079833984375
996,2016-12-14 00:00:00,112.079833984375
997,2016-12-15 00:00:00,112.692825317383
998,2016-12-16 00:00:00,112.838768005371
999,2016-12-19 00:00:00,113.490684509277
1000,2016-12-20 00:00:00,113.79231262207001
1001,2016-12-21 00:00:00,113.89933776855499
1002,2016-12-22 00:00:00,113.15013885497999
1003,2016-12-23 00:00:00,113.373916625977
1004,2016-12-27 00:00:00,114.093948364258
1005,2016-12-28 00:00:00,113.60744476318399
1006,2016-12-29 00:00:00,113.578247070312
1007,2016-12-30 00:00:00,112.692825317383
1008,2017-01-03 00:00:00,113.013916015625
1009,2017-01-04 00:00:00,112.887413024902
1010,2017-01-05 00:00:00,113.46150207519501
1011,2017-01-06 00:00:00,114.726402282715
1012,2017-01-09 00:00:00,115.777236938477
1013,2017-01-10 00:00:00,115.893997192383
1014,2017-01-11 00:00:00,116.516708374023
1015,2017-01-12 00:00:00,116.03021240234399
1016,2017-01-13 00:00:00,115.825881958008
1017,2017-01-17 00:00:00,116.759971618652
1018,2017-01-18 00:00:00,116.750228881836
1019,2017-01-19 00:00:00,116.5458984375
1020,2017-01-20 00:00:00,116.759971618652
1021,2017-01-23 00:00:00,116.83779907226601
1022,2017-01-24 00:00:00,116.73077392578101
1023,2017-01-25 00:00:00,118.589195251465
1024,2017-01-26 00:00:00,118.647583007812
1025,2017-01-27 00:00:00,118.65730285644501
1026,2017-01-30 00:00:00,118.345947265625
1027,2017-01-31 00:00:00,118.073516845703
1028,2017-02-01 00:00:00,125.27370452880899
1029,2017-02-02 00:00:00,125.05965423584
1030,2017-02-03 00:00:00,125.59480285644501
1031,2017-02-06 00:00:00,126.77212524414101
1032,2017-02-07 00:00:00,127.97863006591801
1033,2017-02-08 00:00:00,128.474868774414
1034,2017-02-09 00:00:00,129.403228759766
1035,2017-02-10 00:00:00,129.11007690429702
1036,2017-02-13 00:00:00,130.25341796875
1037,2017-02-14 00:00:00,131.94401550293
1038,2017-02-15 00:00:00,132.422836303711
1039,2017-02-16 00:00:00,132.266494750977
1040,2017-02-17 00:00:00,132.628067016602
1041,2017-02-21 00:00:00,133.58572387695298
1042,2017-02-22 00:00:00,133.986389160156
1043,2017-02-23 00:00:00,133.41960144043
1044,2017-02-24 00:00:00,133.54666137695298
1045,2017-02-27 00:00:00,133.810470581055
1046,2017-02-28 00:00:00,133.86911010742202
1047,2017-03-01 00:00:00,136.605331420898
1048,2017-03-02 00:00:00,135.794250488281
1049,2017-03-03 00:00:00,136.595565795898
1050,2017-03-06 00:00:00,136.165573120117
1051,2017-03-07 00:00:00,136.34147644043
1052,2017-03-08 00:00:00,135.833343505859
1053,2017-03-09 00:00:00,135.520599365234
1054,2017-03-10 00:00:00,135.970138549805
1055,2017-03-13 00:00:00,136.028747558594
1056,2017-03-14 00:00:00,135.823547363281
1057,2017-03-15 00:00:00,137.260070800781
1058,2017-03-16 00:00:00,137.484817504883
1059,2017-03-17 00:00:00,136.800796508789
1060,2017-03-20 00:00:00,138.2373046875
1061,2017-03-21 00:00:00,136.654190063477
1062,2017-03-22 00:00:00,138.19821166992202
1063,2017-03-23 00:00:00,137.709579467773
1064,2017-03-24 00:00:00,137.435974121094
1065,2017-03-27 00:00:00,137.67053222656202
1066,2017-03-28 00:00:00,140.523986816406
1067,2017-03-29 00:00:00,140.83670043945298
1068,2017-03-30 00:00:00,140.651016235352
1069,2017-03-31 00:00:00,140.38717651367202
1070,2017-04-03 00:00:00,140.426254272461
1071,2017-04-04 00:00:00,141.471878051758
1072,2017-04-05 00:00:00,140.73898315429702
1073,2017-04-06 00:00:00,140.38717651367202
1074,2017-04-07 00:00:00,140.074462890625
1075,2017-04-10 00:00:00,139.90832519531202
1076,2017-04-11 00:00:00,138.403427124023
1077,2017-04-12 00:00:00,138.56954956054702
1078,2017-04-13 00:00:00,137.836624145508
1079,2017-04-17 00:00:00,138.598861694336
1080,2017-04-18 00:00:00,137.983200073242
1081,2017-04-19 00:00:00,137.475051879883
1082,2017-04-20 00:00:00,139.194961547852
1083,2017-04-21 00:00:00,139.028854370117
1084,2017-04-24 00:00:00,140.367630004883
1085,2017-04-25 00:00:00,141.237350463867
1086,2017-04-26 00:00:00,140.406723022461
1087,2017-04-27 00:00:00,140.51419067382798
1088,2017-04-28 00:00:00,140.377380371094
1089,2017-05-01 00:00:00,143.240646362305
1090,2017-05-02 00:00:00,144.149475097656
1091,2017-05-03 00:00:00,143.709701538086
1092,2017-05-04 00:00:00,143.19177246093798
1093,2017-05-05 00:00:00,145.566421508789
1094,2017-05-08 00:00:00,149.52413940429702
1095,2017-05-09 00:00:00,150.481842041016
1096,2017-05-10 00:00:00,149.768447875977
1097,2017-05-11 00:00:00,151.063705444336
1098,2017-05-12 00:00:00,153.173400878906
1099,2017-05-15 00:00:00,152.780899047852
1100,2017-05-16 00:00:00,152.555236816406
1101,2017-05-17 00:00:00,147.43307495117202
1102,2017-05-18 00:00:00,149.68014526367202
1103,2017-05-19 00:00:00,150.190383911133
1104,2017-05-22 00:00:00,151.102981567383
1105,2017-05-23 00:00:00,150.916519165039
1106,2017-05-24 00:00:00,150.465148925781
1107,2017-05-25 00:00:00,150.985198974609
1108,2017-05-26 00:00:00,150.730072021484
1109,2017-05-30 00:00:00,150.788955688477
1110,2017-05-31 00:00:00,149.896011352539
1111,2017-06-01 00:00:00,150.30813598632798
1112,2017-06-02 00:00:00,152.535598754883
1113,2017-06-05 00:00:00,151.04406738281202
1114,2017-06-06 00:00:00,151.55432128906202
1115,2017-06-07 00:00:00,152.457092285156
1116,2017-06-08 00:00:00,152.084213256836
1117,2017-06-09 00:00:00,146.186874389648
1118,2017-06-12 00:00:00,142.693649291992
1119,2017-06-13 00:00:00,143.841690063477
1120,2017-06-14 00:00:00,142.43850708007798
1121,2017-06-15 00:00:00,141.584808349609
1122,2017-06-16 00:00:00,139.60270690918
1123,2017-06-19 00:00:00,143.596374511719
1124,2017-06-20 00:00:00,142.291320800781
1125,2017-06-21 00:00:00,143.135192871094
1126,2017-06-22 00:00:00,142.899703979492
1127,2017-06-23 00:00:00,143.537506103516
1128,2017-06-26 00:00:00,143.086135864258
1129,2017-06-27 00:00:00,141.035308837891
1130,2017-06-28 00:00:00,143.095947265625
1131,2017-06-29 00:00:00,140.986251831055
1132,2017-06-30 00:00:00,141.319900512695
1133,2017-07-03 00:00:00,140.809631347656
1134,2017-07-05 00:00:00,141.388565063477
1135,2017-07-06 00:00:00,140.054061889648
1136,2017-07-07 00:00:00,141.47688293457
1137,2017-07-10 00:00:00,142.340377807617
1138,2017-07-11 00:00:00,142.801574707031
1139,2017-07-12 00:00:00,143.00764465332
1140,2017-07-13 00:00:00,144.999572753906
1141,2017-07-14 00:00:00,146.245742797852
1142,2017-07-17 00:00:00,146.756011962891
1143,2017-07-18 00:00:00,147.26628112793
1144,2017-07-19 00:00:00,148.18864440918
1145,2017-07-20 00:00:00,147.521392822266
1146,2017-07-21 00:00:00,147.452713012695
1147,2017-07-24 00:00:00,149.238586425781
1148,2017-07-25 00:00:00,149.876403808594
1149,2017-07-26 00:00:00,150.582916259766
1150,2017-07-27 00:00:00,147.73727416992202
1151,2017-07-28 00:00:00,146.69714355468798
1152,2017-07-31 00:00:00,145.94157409668
1153,2017-08-01 00:00:00,147.23684692382798
1154,2017-08-02 00:00:00,154.193908691406
1155,2017-08-03 00:00:00,152.6533203125
1156,2017-08-04 00:00:00,153.457946777344
1157,2017-08-07 00:00:00,155.832595825195
1158,2017-08-08 00:00:00,157.07878112793
1159,2017-08-09 00:00:00,158.04040527343798
1160,2017-08-10 00:00:00,153.006530761719
1161,2017-08-11 00:00:00,155.134338378906
1162,2017-08-14 00:00:00,157.46907043457
1163,2017-08-15 00:00:00,159.192977905273
1164,2017-08-16 00:00:00,158.552673339844
1165,2017-08-17 00:00:00,155.508697509766
1166,2017-08-18 00:00:00,155.154067993164
1167,2017-08-21 00:00:00,154.86837768554702
1168,2017-08-22 00:00:00,157.400100708008
1169,2017-08-23 00:00:00,157.597106933594
1170,2017-08-24 00:00:00,156.897689819336
1171,2017-08-25 00:00:00,157.478897094727
1172,2017-08-28 00:00:00,159.06491088867202
1173,2017-08-29 00:00:00,160.483489990234
1174,2017-08-30 00:00:00,160.916915893555
1175,2017-08-31 00:00:00,161.557235717773
1176,2017-09-01 00:00:00,161.606491088867
1177,2017-09-05 00:00:00,159.66584777832
1178,2017-09-06 00:00:00,159.49836730957
1179,2017-09-07 00:00:00,158.85803222656202
1180,2017-09-08 00:00:00,156.267227172852
1181,2017-09-11 00:00:00,159.094467163086
1182,2017-09-12 00:00:00,158.464019775391
1183,2017-09-13 00:00:00,157.272018432617
1184,2017-09-14 00:00:00,155.922439575195
1185,2017-09-15 00:00:00,157.498611450195
1186,2017-09-18 00:00:00,156.306625366211
1187,2017-09-19 00:00:00,156.36572265625
1188,2017-09-20 00:00:00,153.745376586914
1189,2017-09-21 00:00:00,151.105270385742
1190,2017-09-22 00:00:00,149.627624511719
1191,2017-09-25 00:00:00,148.307571411133
1192,2017-09-26 00:00:00,150.85900878906202
1193,2017-09-27 00:00:00,151.932769775391
1194,2017-09-28 00:00:00,150.996917724609
1195,2017-09-29 00:00:00,151.82438659668
1196,2017-10-02 00:00:00,151.519027709961
1197,2017-10-03 00:00:00,152.17903137207
1198,2017-10-04 00:00:00,151.193923950195
1199,2017-10-05 00:00:00,153.07546997070298
1200,2017-10-06 00:00:00,152.98681640625
1201,2017-10-09 00:00:00,153.51876831054702
1202,2017-10-10 00:00:00,153.577865600586
1203,2017-10-11 00:00:00,154.218215942383
1204,2017-10-12 00:00:00,153.67639160156202
1205,2017-10-13 00:00:00,154.65164184570298
1206,2017-10-16 00:00:00,157.498611450195
1207,2017-10-17 00:00:00,158.079818725586
1208,2017-10-18 00:00:00,157.380386352539
1209,2017-10-19 00:00:00,153.656692504883
1210,2017-10-20 00:00:00,153.922668457031
1211,2017-10-23 00:00:00,153.843856811523
1212,2017-10-24 00:00:00,154.760009765625
1213,2017-10-25 00:00:00,154.080307006836
1214,2017-10-26 00:00:00,155.06539916992202
1215,2017-10-27 00:00:00,160.621383666992
1216,2017-10-30 00:00:00,164.236724853516
1217,2017-10-31 00:00:00,166.522171020508
1218,2017-11-01 00:00:00,164.404190063477
1219,2017-11-02 00:00:00,165.606018066406
1220,2017-11-03 00:00:00,169.93063354492202
1221,2017-11-06 00:00:00,171.654556274414
1222,2017-11-07 00:00:00,172.20622253418
1223,2017-11-08 00:00:00,173.614929199219
1224,2017-11-09 00:00:00,173.260299682617
1225,2017-11-10 00:00:00,172.686859130859
1226,2017-11-13 00:00:00,171.994812011719
1227,2017-11-14 00:00:00,169.394668579102
1228,2017-11-15 00:00:00,167.160339355469
1229,2017-11-16 00:00:00,169.157409667969
1230,2017-11-17 00:00:00,168.218185424805
1231,2017-11-20 00:00:00,168.050109863281
1232,2017-11-21 00:00:00,171.174255371094
1233,2017-11-22 00:00:00,172.973587036133
1234,2017-11-24 00:00:00,172.983474731445
1235,2017-11-27 00:00:00,172.113464355469
1236,2017-11-28 00:00:00,171.105041503906
1237,2017-11-29 00:00:00,167.555801391602
1238,2017-11-30 00:00:00,169.89889526367202
1239,2017-12-01 00:00:00,169.107971191406
1240,2017-12-04 00:00:00,167.872177124023
1241,2017-12-05 00:00:00,167.713973999023
1242,2017-12-06 00:00:00,167.09114074707
1243,2017-12-07 00:00:00,167.39762878418
1244,2017-12-08 00:00:00,167.447036743164
1245,2017-12-11 00:00:00,170.70959472656202
1246,2017-12-12 00:00:00,169.750595092773
1247,2017-12-13 00:00:00,170.314117431641
1248,2017-12-14 00:00:00,170.264694213867
1249,2017-12-15 00:00:00,171.994812011719
1250,2017-12-18 00:00:00,174.41700744628898
1251,2017-12-19 00:00:00,172.558349609375
1252,2017-12-20 00:00:00,172.370513916016
1253,2017-12-21 00:00:00,173.023025512695
1254,2017-12-22 00:00:00,173.023025512695
1255,2017-12-26 00:00:00,168.63342285156202
1256,2017-12-27 00:00:00,168.663101196289
1257,2017-12-28 00:00:00,169.137649536133
1258,2017-12-29 00:00:00,167.308639526367
